seqid,p_other,p_SP,window_start,window_end,window_type,window_origin,compound_hydropathy,max_hydropathy,window_length
YCR101C,0.037718,0.96224,3,16,SP,phobius,11.682222222222222,0.8344444444444444,13
YHR215W,5.34e-4,0.999432,4,12,SP,phobius,7,0.7777777777777778,8
YBL095W,0.822356,0.177649,12,34,TM,phobius,18.425555555555558,0.8011111111111112,22
YDR329C,1,6e-6,18,39,TM,phobius,17.795555555555556,0.8088888888888889,21
YCR061W,0.003182,0.996786,4,15,SP,phobius,9.693333333333332,0.8077777777777777,11
YPL119C-A,1,2e-6,20,42,TM,phobius,19.19222222222222,0.8344444444444443,22
YBR067C,2.68e-4,0.999737,7,18,SP,phobius,9.64,0.8033333333333333,11
YDL222C,1,0,6,27,TM,phobius,18.55333333333333,0.8433333333333333,21
YMR296C,0.999907,8.4e-5,25,46,TM,phobius,17.82,0.8099999999999999,21
YFR018C,5.96e-4,0.999413,11,21,SP,phobius,8.995555555555555,0.8177777777777777,10
YKL183C-A,0.999995,7e-6,12,39,TM,phobius,23.364444444444448,0.8344444444444445,27
YGR121C,1,0,20,40,TM,phobius,17.26666666666667,0.8222222222222223,20
YML075C,1,7e-6,29,49,TM,phobius,17.593333333333334,0.8377777777777777,20
YER061C,1,0,5,16,SP,phobius,9.813333333333333,0.8177777777777777,11
YDR262W,0.006785,0.993171,7,18,SP,phobius,9.92,0.8266666666666667,11
YLR411W,0.99998,1.7e-5,44,60,TM,phobius,14.374444444444446,0.8455555555555556,16
YPR026W,0.999968,3.7e-5,42,60,TM,phobius,16.276666666666664,0.8566666666666666,18
YMR274C,1,0,6,24,TM,phobius,15.77,0.83,18
YJL038C,0.794203,0.20578,6,22,TM,phobius,14.12888888888889,0.8311111111111111,16
YHR028C,1,4e-6,27,45,TM,phobius,16.107777777777773,0.8477777777777776,18
YIL043C,1,0,6,25,TM,phobius,17.28888888888889,0.8644444444444446,19
YGR231C,0.999942,4.5e-5,38,59,TM,phobius,17.624444444444443,0.801111111111111,21
YDR402C,0.999998,0,6,16,SP,phobius,9.313333333333333,0.8466666666666666,10
YNR044W,2.36e-4,0.999737,8,19,SP,phobius,9.8,0.8166666666666667,11
YOR365C,0.002187,0.997788,12,19,SP,phobius,6.631111111111111,0.8288888888888889,7
YIL005W,3.71e-4,0.999598,8,19,SP,phobius,9.986666666666666,0.8322222222222222,11
YNR040W,0.999944,5.3e-5,41,59,TM,phobius,15.284444444444444,0.8044444444444444,18
YDR246W-A,0.979708,0.020285,7,14,SP,phobius,6.337777777777777,0.7922222222222222,7
YBR092C,4.12e-4,0.99958,4,12,SP,phobius,7.07,0.7855555555555556,8
YJL028W,0.999898,7.4e-5,32,60,TM,phobius,24.65,0.85,28
YPR114W,0.999999,1.6e-5,38,57,TM,phobius,16.977777777777774,0.8488888888888888,19
YPR091C,1,1e-6,6,27,TM,phobius,18.064444444444444,0.8211111111111111,21
YKL051W,1,0,12,34,TM,phobius,19.575555555555553,0.851111111111111,22
YLR308W,0.182932,0.817048,10,20,SP,phobius,9.044444444444444,0.8222222222222222,10
YPR121W,0.001693,0.998304,2,13,SP,phobius,10.2,0.8499999999999999,11
YMR148W,1,0,7,27,TM,phobius,17.593333333333334,0.8377777777777777,20
YLR342W-A,0.999985,2.2e-5,6,25,TM,phobius,16.422222222222224,0.8211111111111111,19
YCR044C,2.29e-4,0.999747,3,14,SP,phobius,10.133333333333335,0.8444444444444446,11
YIL040W,0.999985,1e-5,40,58,TM,phobius,16.044444444444444,0.8444444444444444,18
YBR147W,1,1e-6,12,34,TM,phobius,20.163333333333338,0.8766666666666668,22
YLR065C,1,1e-6,20,37,TM,phobius,14.599999999999998,0.811111111111111,17
YNL280C,1,1e-6,12,34,TM,phobius,18.630000000000003,0.81,22
YIL176C,0.001318,0.998667,4,15,SP,phobius,9.386666666666667,0.7822222222222223,11
YBR042C,1,1e-6,12,33,TM,phobius,18.43111111111111,0.8377777777777777,21
YBR162C,2.53e-4,0.999724,8,18,SP,phobius,8.800000000000002,0.8000000000000002,10
YKL021C,0.99246,0.007553,6,22,TM,phobius,14.39333333333333,0.8466666666666666,16
YNR062C,1,0,16,37,TM,phobius,18.626666666666665,0.8466666666666666,21
YJL034W,1,1e-6,12,29,TM,phobius,15.079999999999998,0.8377777777777777,17
YHR057C,2.81e-4,0.999689,3,14,SP,phobius,10.319999999999999,0.8599999999999999,11
YOL162W,1,0,6,23,TM,phobius,14.34,0.7966666666666666,17
YLR385C,2.95e-4,0.999692,7,16,SP,phobius,8.277777777777777,0.8277777777777777,9
YER185W,1,1e-6,20,42,TM,phobius,20.009999999999998,0.8699999999999999,22
YGL022W,0.999984,3.2e-5,15,35,TM,phobius,17.616666666666667,0.8388888888888889,20
YDR453C,1,2e-6,34,55,TM,phobius,17.844444444444445,0.8111111111111111,21
YPL154C,2.69e-4,0.999711,6,17,SP,phobius,9.786666666666665,0.8155555555555555,11
YNL291C,4.88e-4,0.999481,4,15,SP,phobius,10.12,0.8433333333333333,11
YOL107W,0.99998,1.6e-5,25,43,TM,phobius,15.664444444444444,0.8244444444444444,18
YHR026W,1,2e-6,20,38,TM,phobius,16.171111111111113,0.8511111111111113,18
YGR028W,0.999981,4.7e-5,7,27,TM,phobius,16.566666666666666,0.7888888888888889,20
YNR018W,1,1.8e-5,20,38,TM,phobius,15.326666666666666,0.8066666666666666,18
YDR525W-A,1,0,6,22,TM,phobius,14.60111111111111,0.8588888888888888,16
YNL252C,1,0,10,15,SP,phobius,4.420000000000001,0.7366666666666668,5
YGR282C,3.45e-4,0.999621,7,18,SP,phobius,9.293333333333333,0.7744444444444445,11
YLR299W,0.029589,0.970373,12,33,TM,phobius,18.60222222222222,0.8455555555555555,21
YDR518W,5.63e-4,0.999396,7,18,SP,phobius,9.866666666666667,0.8222222222222223,11
YKR069W,0.96088,0.039121,5,15,SP,phobius,8.457777777777777,0.7688888888888888,10
YLR080W,0.776284,0.223717,30,48,TM,phobius,16.171111111111113,0.8511111111111112,18
YPR198W,1,0,5,16,SP,phobius,9.879999999999999,0.8233333333333333,11
YOR020W-A,0.999035,9.83e-4,12,33,TM,phobius,17.673333333333332,0.8033333333333333,21
Q0275,1,2e-6,21,45,TM,phobius,20.111111111111114,0.8044444444444445,24
YDL072C,1,0,6,26,TM,phobius,17.639999999999997,0.8399999999999999,20
YIL049W,1,2e-6,12,30,TM,phobius,15.875555555555554,0.8355555555555555,18
YGL204C,1,0,22,40,TM,phobius,15.959999999999997,0.8399999999999999,18
YGL168W,0.994247,0.005774,12,33,TM,phobius,18.064444444444444,0.8211111111111111,21
YPL096C-A,1,0,7,28,TM,phobius,17.77111111111111,0.8077777777777777,21
YLR307W,0.004184,0.9958,6,17,SP,phobius,9.786666666666667,0.8155555555555556,11
YDR504C,0.999979,2.7e-5,22,52,TM,phobius,27.073333333333334,0.8733333333333334,30
YBR085W,1,2e-6,12,30,TM,phobius,15.094444444444441,0.7944444444444443,18
YHR132C,2.38e-4,0.999739,7,18,SP,phobius,10.239999999999998,0.8533333333333333,11
YDR410C,1,1e-6,20,41,TM,phobius,18.357777777777777,0.8344444444444443,21
YFR020W,4.96e-4,0.999487,7,15,SP,phobius,7.600000000000001,0.8444444444444446,8
YBL017C,3.84e-4,0.999597,3,16,SP,phobius,11.464444444444444,0.8188888888888889,13
YOR381W,6.05e-4,0.999359,4,15,SP,phobius,10.053333333333333,0.8377777777777777,11
YLR403W,1,1e-6,13,20,SP,phobius,5.76888888888889,0.7211111111111113,7
YNL329C,0.999998,1.3e-5,3,14,SP,phobius,9.279999999999998,0.7733333333333332,11
YGL041C-B,1,2e-6,15,39,TM,phobius,21.361111111111107,0.8544444444444443,24
YMR202W,0.99996,5.5e-5,6,25,TM,phobius,16.53333333333333,0.8266666666666667,19
YMR126C,1,1e-6,12,32,TM,phobius,17.639999999999997,0.8399999999999999,20
YIL162W,2.81e-4,0.999697,3,14,SP,phobius,9.8533333333333335,0.8211111111111111,11
YLR283W,1,0,21,29,SP,phobius,7.27,0.8077777777777777,8
YKR061W,1,1e-6,14,25,SP,phobius,10.159999999999998,0.8466666666666666,11
YAL042W,0.999993,3.1e-5,21,42,TM,phobius,18.259999999999998,0.8299999999999998,21
YOR030W,0.68577,0.314242,6,23,TM,phobius,14.579999999999998,0.8099999999999999,17
YLR454W,0.997657,0.00235,12,31,TM,phobius,16.644444444444446,0.8322222222222222,19
YLR261C,1,8e-6,8,15,SP,phobius,6.551111111111111,0.8188888888888889,7
YBR096W,0.998304,0.001701,30,46,TM,phobius,13.75111111111111,0.8088888888888888,16
YJR116W,1,2e-6,36,54,TM,phobius,15.453333333333333,0.8133333333333334,18
YDL052C,0.999972,3e-5,14,25,SP,phobius,9.84,0.82,11
YCR094W,0.999924,7.4e-5,39,59,TM,phobius,18.03666666666667,0.8588888888888889,20
YLR253W,0.999972,1.7e-5,35,51,TM,phobius,13.316666666666668,0.7833333333333334,16
YNL033W,0.001266,0.998696,10,21,SP,phobius,9.72,0.81,11
YKL175W,0.999903,8.5e-5,6,30,TM,phobius,21.02777777777778,0.8411111111111111,24
YDR456W,0.996098,0.003896,5,15,SP,phobius,8.641111111111112,0.7855555555555557,10
YML101C,1,0,6,21,TM,phobius,13.635555555555555,0.8522222222222222,15
YKL037W,1,0,12,29,TM,phobius,15.079999999999998,0.8377777777777777,17
YOR384W,2.38e-4,0.999733,6,14,SP,phobius,7.47,0.83,8
YOL154W,5.33e-4,0.999449,8,15,SP,phobius,6.408888888888889,0.8011111111111111,7
YAL018C,0.991552,0.008445,3,13,SP,phobius,8.677777777777777,0.7888888888888888,10
YEL002C,7.9e-4,0.999191,7,18,SP,phobius,10.146666666666667,0.8455555555555555,11
YNL146C-A,0.999937,8.2e-5,2,8,SP,phobius,5.771111111111111,0.8244444444444444,6
YPL277C,0.998872,0.001148,7,27,TM,phobius,17.849999999999998,0.85,20
YLR104W,2.6e-4,0.999718,6,17,SP,phobius,10.266666666666666,0.8555555555555555,11
YHR007C-A,0.999306,6.96e-4,21,43,TM,phobius,18.348888888888887,0.7977777777777777,22
YJL037W,2.55e-4,0.999723,10,21,SP,phobius,10.09333333333333,0.8411111111111109,11
Q0085,0.999984,2.8e-5,39,57,TM,phobius,15.875555555555554,0.8355555555555555,18
YMR175W-A,0.99994,5.1e-5,3,10,SP,phobius,6.595555555555555,0.8244444444444444,7
YER053C-A,0.999996,0,6,21,TM,phobius,13.58222222222222,0.8488888888888888,15
YKL096C-B,0.999826,1.53e-4,31,48,TM,phobius,14.899999999999999,0.8277777777777777,17
YGL200C,7.86e-4,0.999173,8,16,SP,phobius,7.76,0.8622222222222222,8
YNL194C,1,0,6,28,TM,phobius,19.166666666666664,0.8333333333333333,22
YBR255C-A,1,1e-6,22,44,TM,phobius,18.169999999999998,0.7899999999999999,22
YER044C,1,4e-6,26,46,TM,phobius,17.290000000000003,0.8233333333333335,20
YCL049C,0.001141,0.998814,6,17,SP,phobius,9.413333333333334,0.7844444444444445,11
YBR106W,1,2.8e-5,28,47,TM,phobius,16.466666666666665,0.8233333333333333,19
YDR204W,1,3e-6,21,38,TM,phobius,14.299999999999999,0.7944444444444444,17
YJR151C,0.719823,0.280168,4,14,SP,phobius,8.885555555555555,0.8077777777777778,10
YML038C,1,0,37,58,TM,phobius,17.84444444444444,0.811111111111111,21
YGL160W,1,3e-6,23,44,TM,phobius,18.259999999999998,0.83,21
YCR041W,0.999997,9e-6,24,42,TM,phobius,15.495555555555557,0.8155555555555556,18
YJR012C,1,0,17,38,TM,phobius,19.04222222222222,0.8655555555555555,21
YFL021W,0.960215,0.039793,7,24,TM,phobius,15,0.8333333333333334,17
YIL023C,0.61386,0.386132,3,14,SP,phobius,9.639999999999999,0.8033333333333332,11
YNR021W,0.999969,3.6e-5,42,60,TM,phobius,15.875555555555554,0.8355555555555555,18
YIL037C,1,5e-6,20,43,TM,phobius,20.053333333333327,0.8355555555555554,23
YEL043W,0.998187,0.001814,3,13,SP,phobius,8.983333333333333,0.8166666666666667,10
YPL053C,0.999883,1.36e-4,12,29,TM,phobius,15.26,0.8477777777777777,17
YBR074W,1,2e-6,18,35,TM,phobius,14.68,0.8155555555555556,17
YML012W,2.57e-4,0.99973,4,15,SP,phobius,9.680000000000001,0.8066666666666668,11
YER182W,0.999876,1.16e-4,29,46,TM,phobius,14.279999999999998,0.7933333333333332,17
YDR411C,0.999963,1.5e-5,37,59,TM,phobius,18.75777777777778,0.8155555555555556,22
YDR437W,1,0,6,28,TM,phobius,18.936666666666664,0.8233333333333333,22
YKL028W,0.999963,3.4e-5,20,39,TM,phobius,16.422222222222224,0.8211111111111111,19
YLR020C,1,0,12,31,TM,phobius,16.155555555555555,0.8077777777777777,19
YEL016C,1,6e-6,29,47,TM,phobius,16.19222222222222,0.8522222222222221,18
YFR042W,1,0,12,31,TM,phobius,16.666666666666664,0.8333333333333333,19
YOL161C,0.002097,0.997853,4,15,SP,phobius,9.386666666666667,0.7822222222222223,11
YDR307W,1,5e-6,29,47,TM,phobius,16.065555555555555,0.8455555555555555,18
YHR211W,2.09e-4,0.999761,7,19,SP,phobius,11.165555555555555,0.8588888888888888,12
YCL057C-A,0.99997,3.5e-5,41,60,TM,phobius,16.200000000000003,0.81,19
Q0105,1,1.1e-5,28,52,TM,phobius,20.63888888888889,0.8255555555555556,24
YIL099W,0.738466,0.261537,11,19,SP,phobius,7.24,0.8044444444444445,8
YDR144C,3.85e-4,0.999597,3,14,SP,phobius,9.906666666666666,0.8255555555555555,11
YKL209C,1,1e-5,26,47,TM,phobius,18.26,0.8300000000000001,21
YJL004C,1,1.4e-5,30,53,TM,phobius,19.919999999999998,0.83,23
YGL146C,0.999951,3.6e-5,34,52,TM,phobius,16.00222222222222,0.8422222222222221,18
YDR055W,5.95e-4,0.999372,3,14,SP,phobius,9.533333333333333,0.7944444444444444,11
YBR110W,1,0,6,32,TM,phobius,22.529999999999998,0.8344444444444443,26
YGR089W,0.999549,4.32e-4,39,60,TM,phobius,18.235555555555557,0.8288888888888889,21
YLR450W,1,1.3e-5,25,44,TM,phobius,16.822222222222223,0.8411111111111111,19
YDR090C,1,0,38,59,TM,phobius,18.357777777777777,0.8344444444444444,21
YHL017W,2.55e-4,0.999721,4,15,SP,phobius,10.133333333333335,0.8444444444444446,11
YDL128W,0.999961,4.6e-5,40,58,TM,phobius,15.601111111111111,0.8211111111111111,18
YGL085W,0.999983,3.9e-5,12,32,TM,phobius,16.986666666666668,0.8088888888888889,20
YGR023W,0.727868,0.272143,21,31,SP,phobius,8.812222222222221,0.801111111111111,10
YGL139W,5.71e-4,0.999389,10,20,SP,phobius,9.166666666666668,0.8333333333333334,10
YDR079W,0.99991,1.16e-4,18,36,TM,phobius,15.685555555555554,0.8255555555555555,18
YDR205W,0.999398,6.09e-4,6,27,TM,phobius,17.477777777777778,0.7944444444444445,21
YLR343W,0.0048,0.995162,9,19,SP,phobius,9.447777777777777,0.8588888888888888,10
YGR036C,1,7e-6,33,54,TM,phobius,18.08888888888889,0.8222222222222222,21
YDR513W,1,2.6e-5,6,26,TM,phobius,17.94333333333333,0.8544444444444443,20
YOR010C,2.29e-4,0.999748,6,16,SP,phobius,8.751111111111113,0.7955555555555557,10
YGL010W,1,1e-6,25,43,TM,phobius,15.39,0.81,18
YMR281W,0.999999,9e-6,14,32,TM,phobius,15.664444444444442,0.8244444444444443,18
YMR006C,0.264643,0.735356,6,14,SP,phobius,6.8,0.7555555555555555,8
YNL146W,1,5e-6,14,31,TM,phobius,15.599999999999998,0.8666666666666666,17
YHR078W,0.5542,0.445793,3,12,SP,phobius,8.422222222222222,0.8422222222222222,9
YGR012W,0.999722,2.91e-4,12,31,TM,phobius,16.266666666666666,0.8133333333333334,19
YNL095C,0.999984,5e-6,20,38,TM,phobius,15.812222222222221,0.8322222222222222,18
YEL040W,2.22e-4,0.999774,8,19,SP,phobius,10.16,0.8466666666666667,11
YLR088W,1,9e-6,20,42,TM,phobius,19.319999999999997,0.8399999999999999,22
YKL163W,3.02e-4,0.999683,7,14,SP,phobius,6.222222222222222,0.7777777777777778,7
YPR149W,1,0,12,28,TM,phobius,14.336666666666666,0.8433333333333333,16
YIL123W,8.63e-4,0.999118,3,11,SP,phobius,6.97,0.7744444444444444,8
YKL018C-A,0.999038,9.6e-4,7,18,SP,phobius,9.706666666666667,0.8088888888888889,11
YPR157W,6.08e-4,0.999358,3,14,SP,phobius,10.053333333333333,0.8377777777777777,11
YFL066C,1,1.1e-5,36,55,TM,phobius,16.177777777777777,0.8088888888888888,19
YNL130C,0.999696,2.8e-4,38,60,TM,phobius,19.75444444444444,0.8588888888888888,22
YFL048C,3.49e-4,0.999601,10,20,SP,phobius,9.007777777777777,0.8188888888888889,10
YNL029C,1,4e-6,12,36,TM,phobius,21.055555555555554,0.8422222222222222,24
YMR035W,0.999931,6.8e-5,15,26,SP,phobius,9.626666666666665,0.8022222222222222,11
YJR044C,1,0,12,34,TM,phobius,19.115555555555556,0.8311111111111111,22
YDR381C-A,0.999855,1.65e-4,12,30,TM,phobius,14.98888888888889,0.788888888888889,18
YFL040W,1,1.7e-5,28,39,SP,phobius,9.959999999999997,0.8299999999999998,11
YBL098W,0.999998,3.7e-5,5,16,SP,phobius,9.706666666666665,0.8088888888888888,11
YGR257C,0.998168,0.001842,16,36,TM,phobius,16.590000000000003,0.7900000000000001,20
YBR036C,0.833755,0.166249,4,12,SP,phobius,7.21,0.8011111111111111,8
YPL092W,1,0,16,34,TM,phobius,16.044444444444444,0.8444444444444444,18
YGL027C,0.50554,0.494449,12,20,SP,phobius,7.41,0.8233333333333334,8
YDL036C,1,0,25,33,SP,phobius,6.92,0.7688888888888888,8
YHR045W,1,8e-6,6,24,TM,phobius,16.065555555555555,0.8455555555555555,18
YBR161W,0.997859,0.002163,7,24,TM,phobius,14.8,0.8222222222222223,17
YIL169C,0.00356,0.996398,8,16,SP,phobius,7.01,0.7788888888888889,8
YDR371W,1,1e-6,14,34,TM,phobius,17.966666666666665,0.8555555555555555,20
YGR294W,9.57e-4,0.999012,4,15,SP,phobius,9.386666666666667,0.7822222222222223,11
YJL171C,2.33e-4,0.999736,4,14,SP,phobius,9.28888888888889,0.8444444444444444,10
YMR200W,0.999638,3.64e-4,11,19,SP,phobius,7.249999999999999,0.8055555555555555,8
YIL027C,1,0,7,17,SP,phobius,8.824444444444444,0.8022222222222222,10
YLR162W,0.99968,2.99e-4,38,55,TM,phobius,15.7,0.8722222222222222,17
YOR175C,1,0,20,39,TM,phobius,16.11111111111111,0.8055555555555555,19
YNR050C,1,1e-6,5,14,SP,phobius,8.055555555555555,0.8055555555555556,9
YPL207W,1,6e-6,6,22,TM,phobius,13.505555555555556,0.7944444444444445,16
YMR307W,4.59e-4,0.999535,9,17,SP,phobius,7.04,0.7822222222222223,8
YJR131W,0.683709,0.316291,6,24,TM,phobius,15.537777777777778,0.8177777777777778,18
YJL003W,0.999983,2.8e-5,34,58,TM,phobius,20.805555555555554,0.8322222222222222,24
YLR042C,2.85e-4,0.999689,9,20,SP,phobius,10.04,0.8366666666666666,11
YER093C-A,1,1.6e-5,16,33,TM,phobius,14.459999999999997,0.8033333333333332,17
YNL160W,0.001333,0.998638,3,14,SP,phobius,9.759999999999998,0.8133333333333332,11
YEL036C,0.999056,9.48e-4,21,43,TM,phobius,18.834444444444443,0.8188888888888888,22
YOR099W,1,1e-6,17,27,SP,phobius,9.117777777777778,0.828888888888889,10
YOL019W-A,0.999155,8.55e-4,12,29,TM,phobius,14.639999999999999,0.8133333333333332,17
YNR075W,0.998569,0.00141,42,59,TM,phobius,14.659999999999997,0.8144444444444443,17
YHR154W,0.91974,0.080248,5,16,SP,phobius,9.706666666666667,0.8088888888888889,11
YDR077W,4.56e-4,0.999494,3,13,SP,phobius,8.518888888888888,0.7744444444444444,10
YJR051W,0.99991,1.01e-4,7,25,TM,phobius,16.065555555555555,0.8455555555555555,18
YIL102C-A,1,0,5,23,TM,phobius,16.234444444444442,0.8544444444444443,18
YMR256C,1,8e-6,28,48,TM,phobius,17.12666666666667,0.8155555555555556,20
YOR003W,0.816472,0.183532,3,12,SP,phobius,8.066666666666668,0.8066666666666668,9
YOR387C,2.36e-4,0.999743,3,14,SP,phobius,9.933333333333334,0.8277777777777778,11
YLR157C,3.72e-4,0.999601,6,13,SP,phobius,6.568888888888889,0.8211111111111111,7
YLR083C,3.17e-4,0.99964,6,17,SP,phobius,9.92,0.8266666666666667,11
YGR082W,0.999492,5.26e-4,10,21,SP,phobius,9.293333333333333,0.7744444444444445,11
YER004W,1,0,4,15,SP,phobius,9.600000000000001,0.8,11
YMR251W-A,0.014502,0.985483,3,14,SP,phobius,9.546666666666669,0.7955555555555557,11
YOR316C,1,0,12,31,TM,phobius,16.31111111111111,0.8155555555555556,19
YBL082C,0.999958,2e-5,32,53,TM,phobius,18.43111111111111,0.8377777777777777,21
YBR015C,0.998087,0.001936,12,31,TM,phobius,17.066666666666666,0.8533333333333333,19
YPR159C-A,0.999989,0,12,31,TM,phobius,16.8,0.84,19
YMR292W,1,0,9,29,TM,phobius,17.966666666666665,0.8555555555555555,20
YOR383C,2.43e-4,0.999724,3,13,SP,phobius,8.604444444444447,0.7822222222222224,10
YKL046C,6.07e-4,0.99937,6,16,SP,phobius,9.129999999999999,0.83,10
YBR262C,0.999979,3.6e-5,12,29,TM,phobius,14.459999999999997,0.8033333333333332,17
YCL048W,0.005318,0.994644,9,20,SP,phobius,9.893333333333333,0.8244444444444444,11
YDR506C,0.182511,0.817461,9,19,SP,phobius,9.129999999999999,0.8299999999999998,10
YLR001C,0.904409,0.095599,10,20,SP,phobius,9.093333333333332,0.8266666666666665,10
YBR187W,0.042209000000000003,0.957779,8,18,SP,phobius,8.848888888888888,0.8044444444444444,10
YJR103W,1,0,4,15,SP,phobius,9.573333333333332,0.7977777777777777,11
YFL051C,2.84e-4,0.999702,7,18,SP,phobius,9.92,0.8266666666666667,11
YJL205C,1,2e-6,12,29,TM,phobius,15.02,0.8344444444444444,17
YLL051C,2.7e-4,0.999686,4,12,SP,phobius,7.409999999999999,0.8233333333333333,8
YNL142W,1,8e-6,32,53,TM,phobius,17.746666666666666,0.8066666666666666,21
YER057C,1,0,2,10,SP,phobius,7.1,0.7888888888888889,8
YNR060W,3.45e-4,0.999632,2,13,SP,phobius,10.053333333333333,0.8377777777777777,11
YGR183C,1,3e-6,15,40,TM,phobius,21.031111111111112,0.8088888888888889,25
YOL132W,2.56e-4,0.999726,3,13,SP,phobius,9.227777777777778,0.8388888888888889,10
YLL023C,1,5e-6,34,52,TM,phobius,15.326666666666664,0.8066666666666665,18
YKL165C,1,0,7,30,TM,phobius,20.159999999999997,0.8399999999999999,23
YKL164C,3.7e-4,0.999604,6,13,SP,phobius,6.222222222222223,0.7777777777777779,7
YGL142C,1,2e-6,17,36,TM,phobius,16.577777777777776,0.8288888888888888,19
YNL283C,3.09e-4,0.999667,10,18,SP,phobius,7.6899999999999995,0.8544444444444443,8
YLR194C,0.001821,0.998131,3,14,SP,phobius,9.746666666666668,0.8122222222222223,11
YJL151C,1,1e-6,21,37,TM,phobius,14.393333333333334,0.8466666666666667,16
YKL201C,1,1.4e-5,28,45,TM,phobius,15.139999999999999,0.841111111111111,17
YLL014W,0.999801,1.86e-4,32,60,TM,phobius,24.42444444444444,0.8422222222222221,28
YER038W-A,0.345613,0.654362,11,21,SP,phobius,9.790000000000001,0.89,10
YDR382W,1,1e-6,4,11,SP,phobius,6.453333333333332,0.8066666666666665,7
YOL077W-A,1,8e-6,17,28,SP,phobius,9.88,0.8233333333333334,11
YJR004C,3.1e-4,0.999673,3,14,SP,phobius,9.92,0.8266666666666667,11
YDR100W,1,1e-6,12,32,TM,phobius,17.056666666666665,0.8122222222222222,20
YFR041C,0.00197,0.99802,8,15,SP,phobius,6.542222222222222,0.8177777777777777,7
YIL165C,0.926245,0.073755,10,18,SP,phobius,7.220000000000001,0.8022222222222223,8
YAR050W,2.38e-4,0.999753,9,19,SP,phobius,9.117777777777778,0.8288888888888889,10
YBL008W-A,0.763306,0.236699,6,19,SP,phobius,11.837777777777777,0.8455555555555555,13
YDR119W-A,0.998912,0.001055,40,60,TM,phobius,17.03333333333333,0.811111111111111,20
YDL067C,0.962293,0.03771,14,34,TM,phobius,17.266666666666666,0.8222222222222222,20
YAL068C,0.001318,0.998667,4,15,SP,phobius,9.386666666666667,0.7822222222222223,11
YDL206W,1,0,7,23,TM,phobius,13.97777777777778,0.8222222222222223,16
YML031W,1,5e-6,34,51,TM,phobius,14.92,0.8288888888888889,17
YGR035W-A,0.998531,0.001462,6,25,TM,phobius,16.53333333333333,0.8266666666666667,19
YLR110C,5.21e-4,0.999447,3,13,SP,phobius,8.506666666666668,0.7733333333333334,10
YFL020C,0.001653,0.998318,4,15,SP,phobius,9.386666666666667,0.7822222222222223,11
YHR001W-A,0.99999,1.3e-5,30,48,TM,phobius,15.39,0.81,18
YDR107C,2.89e-4,0.999689,4,15,SP,phobius,9.946666666666667,0.8288888888888889,11
YJL193W,1,0,12,30,TM,phobius,15.98111111111111,0.841111111111111,18
YDL119C,0.999983,2.8e-5,12,34,TM,phobius,18.451111111111107,0.8022222222222221,22
YIL046W-A,0.995986,0.004016,17,50,TM,phobius,29.391111111111115,0.8644444444444446,33
YAR028W,0.99993,7.5e-5,40,59,TM,phobius,17.42222222222222,0.8711111111111111,19
YDR481C,1,2.4e-5,34,53,TM,phobius,16.977777777777774,0.8488888888888888,19
YJR106W,1,1e-6,21,40,TM,phobius,16.955555555555556,0.8477777777777777,19
YHR009C,0.999961,3.6e-5,23,41,TM,phobius,15.622222222222222,0.8222222222222222,18
YLR461W,0.001464,0.998501,4,15,SP,phobius,9.386666666666667,0.7822222222222223,11
YMR101C,0.999976,1.9e-5,32,51,TM,phobius,16.11111111111111,0.8055555555555556,19
YKR105C,0.999988,1.7e-5,34,57,TM,phobius,19.493333333333332,0.8122222222222222,23
YDR135C,1,3e-6,36,54,TM,phobius,15.643333333333334,0.8233333333333334,18
YDL218W,1,0,4,12,SP,phobius,7.27,0.8077777777777777,8
YCL005W-A,1,0,6,25,TM,phobius,16.622222222222224,0.8311111111111111,19
YKL034W,2.42e-4,0.999742,8,19,SP,phobius,10.453333333333331,0.871111111111111,11
YKR013W,0.013476,0.986501,6,13,SP,phobius,6.080000000000001,0.7600000000000001,7
YBR126W-A,1,1.4e-5,23,44,TM,phobius,18.57777777777778,0.8444444444444446,21
YBL089W,1,0,33,53,TM,phobius,17.45333333333333,0.8311111111111109,20
YDR349C,0.001253,0.998709,3,13,SP,phobius,9.349999999999998,0.8499999999999999,10
YJR139C,0.999986,2.8e-5,6,25,TM,phobius,16.08888888888889,0.8044444444444445,19
YDL212W,1,0,7,27,TM,phobius,17.080000000000002,0.8133333333333334,20
YNL184C,0.999976,2.1e-5,40,58,TM,phobius,16.21333333333333,0.8533333333333332,18
YLR087C,1,6e-6,26,56,TM,phobius,26.349999999999998,0.85,30
YNL066W,0.001323,0.998644,3,14,SP,phobius,9.2,0.7666666666666666,11
YCL048W-A,4.05e-4,0.999568,6,13,SP,phobius,6.391111111111112,0.798888888888889,7
YIL029C,0.994858,0.005131,31,50,TM,phobius,16.288888888888888,0.8144444444444444,19
YDL180W,1,5e-6,21,39,TM,phobius,15.579999999999998,0.82,18
YPL244C,1,0,7,25,TM,phobius,15.791111111111109,0.831111111111111,18
YKL220C,2.76e-4,0.9997,4,15,SP,phobius,10,0.8333333333333333,11
YGR026W,0.999985,1.3e-5,31,55,TM,phobius,20.916666666666668,0.8366666666666667,24
YGR079W,0.914678,0.085324,12,29,TM,phobius,15.420000000000002,0.8566666666666668,17
YDL130W,0.973903,0.026097,4,12,SP,phobius,7.390000000000001,0.8211111111111111,8
YKL027W,0.999803,2.23e-4,6,28,TM,phobius,18.323333333333334,0.7966666666666666,22
YBR139W,2.68e-4,0.999726,6,16,SP,phobius,9.166666666666666,0.8333333333333333,10
YDR057W,0.743779,0.256226,8,18,SP,phobius,8.616666666666667,0.7833333333333333,10
YLR265C,0.999983,1.5e-5,27,47,TM,phobius,17.616666666666667,0.8388888888888889,20
YIL016W,1,0,20,39,TM,phobius,16.733333333333334,0.8366666666666667,19
YOL052C-A,0.011119,0.988851,6,17,SP,phobius,9.733333333333334,0.8111111111111112,11
YPL098C,1,4e-6,21,43,TM,phobius,18.859999999999996,0.8199999999999998,22
YER017C,1,0,14,21,SP,phobius,5.884444444444444,0.7355555555555555,7
YGL126W,1,0,8,19,SP,phobius,9.84,0.8200000000000001,11
YBR200W-A,0.999076,9.21e-4,24,34,SP,phobius,8.946666666666667,0.8133333333333334,10
YJR150C,4.31e-4,0.999531,4,14,SP,phobius,8.873333333333333,0.8066666666666666,10
YIL173W,3.82e-4,0.999583,6,16,SP,phobius,9.398888888888887,0.8544444444444443,10
YNR076W,0.001318,0.998667,4,15,SP,phobius,9.386666666666667,0.7822222222222223,11
YNL334C,1,1.3e-5,3,10,SP,phobius,6.506666666666666,0.8133333333333332,7
YOR389W,0.998543,0.001467,8,19,SP,phobius,10.2,0.85,11
YGL089C,6.78e-4,0.999295,3,14,SP,phobius,9.84,0.82,11
YER145C,1,0,6,32,TM,phobius,22.38,0.8288888888888889,26
YCR089W,4.19e-4,0.999572,4,14,SP,phobius,8.8,0.8,10
YKL065W-A,0.999964,3.4e-5,37,54,TM,phobius,14.839999999999998,0.8244444444444443,17
YDL164C,1,0,4,11,SP,phobius,6.266666666666667,0.7833333333333333,7
YOR008C,2.96e-4,0.99969,6,16,SP,phobius,9.019999999999998,0.8199999999999998,10
YBR229C,2.62e-4,0.999711,6,17,SP,phobius,10.08,0.84,11
YEL027W,1,1.2e-5,7,30,TM,phobius,19.44,0.81,23
YHR110W,0.00132,0.99866,5,15,SP,phobius,9.30111111111111,0.8455555555555555,10
YJL062W-A,1,7e-6,30,49,TM,phobius,16.11111111111111,0.8055555555555556,19
YCL043C,5.36e-4,0.999435,6,17,SP,phobius,9.453333333333333,0.7877777777777777,11
YLR057W,1,2e-6,17,28,SP,phobius,9.906666666666665,0.8255555555555554,11
YOR288C,2.73e-4,0.999693,9,16,SP,phobius,6.542222222222221,0.8177777777777776,7
YBR090C,0.999728,2.82e-4,12,29,TM,phobius,15.219999999999999,0.8455555555555555,17
YBR004C,0.963149,0.036864,6,25,TM,phobius,16.355555555555554,0.8177777777777777,19
YPR004C,1,1e-6,4,9,SP,phobius,4.633333333333334,0.7722222222222223,5
YOL039W,1,3.3e-5,3,10,SP,phobius,6.248888888888888,0.781111111111111,7
YDR182W,0.999937,5.9e-5,42,60,TM,phobius,16.023333333333333,0.8433333333333333,18
YGR227W,1,6e-6,36,56,TM,phobius,17.523333333333333,0.8344444444444444,20
YJL133C-A,1,0,8,18,SP,phobius,8.127777777777778,0.7388888888888889,10
YOR154W,0.078626,0.92133,6,22,TM,phobius,14.166666666666666,0.8333333333333333,16
YER154W,1,0,8,15,SP,phobius,5.982222222222223,0.7477777777777779,7
YFL068W,0.999984,8e-6,39,58,TM,phobius,16.488888888888887,0.8244444444444443,19
YPR128C,1,4e-6,2,12,SP,phobius,8.384444444444444,0.7622222222222221,10
YDR503C,1,1e-6,16,33,TM,phobius,15.1,0.8388888888888889,17
YDL070W,1,1e-6,11,18,SP,phobius,6.115555555555556,0.7644444444444445,7
YMR040W,1,0,6,27,TM,phobius,18.675555555555555,0.8488888888888888,21
YPR033C,1,0,23,31,SP,phobius,6.610000000000001,0.7344444444444446,8
Q0075,0.972347,0.027658,20,39,TM,phobius,16.044444444444444,0.8022222222222222,19
YDR003W,0.999931,8.9e-5,38,56,TM,phobius,16.614444444444445,0.8744444444444445,18
YOR247W,3.79e-4,0.999592,4,14,SP,phobius,9.166666666666666,0.8333333333333333,10
YJL052C-A,0.999785,2.2e-4,7,14,SP,phobius,6.488888888888888,0.811111111111111,7
YLR413W,0.900746,0.099264,5,20,SP,phobius,13.244444444444445,0.8277777777777778,15
YNL237W,0.388872,0.611121,15,26,SP,phobius,10.333333333333334,0.8611111111111112,11
YGL236C,1,0,4,12,SP,phobius,6.85,0.7611111111111111,8
YKL063C,0.99998,1.5e-5,37,55,TM,phobius,16.36111111111111,0.861111111111111,18
YDR367W,1,0,12,31,TM,phobius,16.177777777777777,0.8088888888888888,19
YMR171C,0.611754,0.388232,41,60,TM,phobius,16.73333333333333,0.8366666666666666,19
YKL141W,1,0,14,22,SP,phobius,6.73,0.7477777777777779,8
YAL058W,0.00156,0.9984,7,17,SP,phobius,9.007777777777777,0.8188888888888888,10
YHR007C,1,1e-5,31,51,TM,phobius,17.569999999999997,0.8366666666666666,20
YMR134W,0.999955,4.1e-5,36,56,TM,phobius,17.453333333333333,0.8311111111111111,20
YPL234C,1,1.4e-5,13,36,TM,phobius,19.36,0.8066666666666666,23
YOR032W-A,1,3e-6,12,32,TM,phobius,17.033333333333335,0.8111111111111111,20
YLL015W,1,2e-6,24,44,TM,phobius,17.29,0.8233333333333333,20
YER150W,8.29e-4,0.999161,7,18,SP,phobius,9.4,0.7833333333333333,11
YLR050C,0.999858,1.65e-4,12,33,TM,phobius,18.333333333333336,0.8333333333333335,21
YDR105C,0.999955,7.2e-5,6,28,TM,phobius,18.68111111111111,0.8122222222222223,22
YHL050C,0.999997,1.2e-5,36,55,TM,phobius,16.177777777777777,0.8088888888888888,19
YMR149W,0.001647,0.998308,7,18,SP,phobius,9.88,0.8233333333333334,11
YDR261C,2.98e-4,0.999651,6,17,SP,phobius,10.013333333333334,0.8344444444444444,11
YKR103W,1,1e-6,30,49,TM,phobius,16.577777777777776,0.8288888888888888,19
YFR006W,1,0,6,24,TM,phobius,15.77,0.83,18
YHR042W,0.999757,2.63e-4,6,24,TM,phobius,15.791111111111109,0.831111111111111,18
YMR315W-A,0.994686,0.005312,13,20,SP,phobius,6.311111111111112,0.788888888888889,7
YGR105W,1,0,12,32,TM,phobius,17.313333333333333,0.8244444444444444,20
YFR039C,0.93559,0.06442,7,18,SP,phobius,9.933333333333334,0.8277777777777778,11
YIL039W,1,1e-6,9,27,TM,phobius,15.305555555555555,0.8055555555555556,18
YHR139C,2.93e-4,0.999685,3,14,SP,phobius,9.8,0.8166666666666667,11
YLR207W,3.16e-4,0.999657,2,12,SP,phobius,9.435555555555556,0.8577777777777778,10
YAR023C,1,0,4,15,SP,phobius,10.133333333333333,0.8444444444444444,11
YLR389C,0.999957,6.2e-5,3,14,SP,phobius,9.200000000000001,0.7666666666666667,11
YGR146C-A,0.999746,2.45e-4,9,20,SP,phobius,9.759999999999998,0.8133333333333332,11
YBR005W,0.999941,5.5e-5,40,60,TM,phobius,18.176666666666666,0.8655555555555555,20
YIL155C,0.998385,0.001616,9,16,SP,phobius,6.000000000000001,0.7500000000000001,7
YDR056C,0.007518,0.99245,5,12,SP,phobius,6.604444444444444,0.8255555555555555,7
YNR028W,0.034919,0.965046,4,14,SP,phobius,9.117777777777778,0.8288888888888889,10
YJR117W,1,2e-6,13,35,TM,phobius,18.272222222222222,0.7944444444444445,22
YFL060C,1,1.3e-5,3,10,SP,phobius,6.506666666666666,0.8133333333333332,7
YLL005C,1,1.6e-5,35,56,TM,phobius,18.308888888888887,0.8322222222222222,21
YGL228W,0.208065,0.791909,7,18,SP,phobius,9.693333333333333,0.8077777777777778,11
YDR018C,1,8e-6,27,51,TM,phobius,20.833333333333336,0.8333333333333334,24
YPR010C-A,0.999875,1.21e-4,24,43,TM,phobius,16.46666666666667,0.8233333333333334,19
YIR020C,1,1.5e-5,20,42,TM,phobius,19.243333333333332,0.8366666666666667,22
YKR016W,0.999852,1.34e-4,38,56,TM,phobius,14.946666666666665,0.7866666666666666,18
YJL097W,1,0,12,34,TM,phobius,18.706666666666667,0.8133333333333334,22
YAL055W,1,1e-6,12,32,TM,phobius,16.87,0.8033333333333333,20
YDL174C,0.999885,9.3e-5,43,60,TM,phobius,14.239999999999998,0.791111111111111,17
YJR073C,1,1e-6,23,40,TM,phobius,14.599999999999998,0.811111111111111,17
YIL088C,1,1e-6,35,56,TM,phobius,18.16222222222222,0.8255555555555555,21
YKL178C,1,0,33,54,TM,phobius,18.284444444444443,0.831111111111111,21
YJR161C,0.999825,1.56e-4,36,57,TM,phobius,18.33333333333333,0.8333333333333331,21
YKR067W,1,1.1e-5,35,55,TM,phobius,17.406666666666666,0.8288888888888889,20
YPL130W,0.009018,0.990955,5,15,SP,phobius,8.726666666666667,0.7933333333333333,10
YCL009C,1,1e-6,13,24,SP,phobius,9.306666666666667,0.7755555555555556,11
YDR534C,3.18e-4,0.999674,3,14,SP,phobius,9.56,0.7966666666666667,11
YDL121C,1,9e-6,6,26,TM,phobius,17.96666666666667,0.8555555555555556,20
YCR069W,4.24e-4,0.999546,6,16,SP,phobius,9.166666666666668,0.8333333333333334,10
YKL004W,0.999966,5.6e-5,45,60,TM,phobius,13.262222222222222,0.8288888888888889,15
YOL031C,0.316896,0.683077,4,12,SP,phobius,7.329999999999998,0.8144444444444443,8
YKL207W,1,0,6,25,TM,phobius,16.51111111111111,0.8255555555555555,19
YGL032C,2.98e-4,0.999681,3,13,SP,phobius,8.983333333333334,0.8166666666666668,10
YOL060C,0.893554,0.106451,16,37,TM,phobius,18.406666666666663,0.8366666666666666,21
YJL208C,0.985352,0.014649,5,13,SP,phobius,7.239999999999999,0.8044444444444444,8
YNL158W,4.89e-4,0.999483,7,18,SP,phobius,10.16,0.8466666666666667,11
YFL011W,0.999746,2.53e-4,39,58,TM,phobius,16.73333333333333,0.8366666666666666,19
YKR042W,4e-4,0.999561,3,11,SP,phobius,6.94,0.7711111111111112,8
YJL223C,0.001318,0.998667,4,15,SP,phobius,9.386666666666667,0.7822222222222223,11
YMR182W-A,0.918488,0.081514,5,15,SP,phobius,9.08111111111111,0.8255555555555555,10
YJL104W,1,1e-6,6,17,SP,phobius,9.546666666666667,0.7955555555555556,11
Q0080,1,0,15,40,TM,phobius,21.926666666666666,0.8433333333333333,25
YDL144C,0.99936,6.33e-4,4,15,SP,phobius,9.639999999999999,0.8033333333333332,11
YCR075C,1,0,6,28,TM,phobius,18.323333333333334,0.7966666666666667,22
YHR147C,0.997017,0.00299,8,15,SP,phobius,6.133333333333333,0.7666666666666666,7
YPL162C,1,0,12,34,TM,phobius,19.03888888888889,0.8277777777777778,22
YML027W,1,0,8,17,SP,phobius,7.633333333333332,0.7633333333333332,9
YDL237W,0.998398,0.001614,7,24,TM,phobius,14.96,0.8311111111111111,17
YBR040W,0.391406,0.608589,20,41,TM,phobius,19.066666666666666,0.8666666666666666,21
YJL132W,0.615611,0.38438,8,20,SP,phobius,10.963333333333333,0.8433333333333333,12
YIR022W,0.999993,3e-5,10,20,SP,phobius,9.105555555555554,0.8277777777777777,10
YLL006W-A,1,0,12,40,TM,phobius,24.488888888888887,0.8444444444444444,28
YCR104W,0.009713,0.99026,4,15,SP,phobius,9.386666666666667,0.7822222222222223,11
YPR098C,0.999894,1.06e-4,12,32,TM,phobius,17.26666666666667,0.8222222222222223,20
YEL004W,1,0,7,16,SP,phobius,8.299999999999999,0.83,9
YPR124W,1,0,40,48,SP,phobius,6.7700000000000005,0.7522222222222222,8
YMR221C,0.991309,0.008703,12,32,TM,phobius,17.896666666666665,0.8522222222222221,20
YLR443W,1,1e-5,26,47,TM,phobius,17.86888888888889,0.8122222222222222,21
YKL187C,1,5e-6,14,38,TM,phobius,21.083333333333332,0.8433333333333333,24
YPL189C-A,0.221563,0.778429,12,31,TM,phobius,16.066666666666666,0.8033333333333333,19
YDR072C,1,4e-6,24,45,TM,phobius,18.039999999999996,0.8199999999999998,21
YER011W,2.27e-4,0.999747,6,16,SP,phobius,8.787777777777778,0.798888888888889,10
YMR008C,2.16e-4,0.999744,6,17,SP,phobius,9.48,0.79,11
YKL096W-A,3.61e-4,0.999622,4,15,SP,phobius,9.586666666666668,0.798888888888889,11
YHR079C,0.02969,0.97030400000000006,9,19,SP,phobius,9.313333333333334,0.8466666666666668,10
YMR095C,1,3e-6,15,26,SP,phobius,9.506666666666666,0.7922222222222222,11
YNL219C,0.001393,0.998568,5,16,SP,phobius,10.026666666666664,0.8355555555555554,11
YMR266W,1,0,27,46,TM,phobius,17.066666666666663,0.8533333333333332,19
YHR173C,0.950716,0.049288,2,10,SP,phobius,7.63,0.8477777777777777,8
YBR201C-A,0.999987,2.6e-5,25,42,TM,phobius,14.559999999999999,0.8088888888888888,17
YOL159C,8.19e-4,0.999156,4,15,SP,phobius,10.013333333333335,0.8344444444444445,11
YEL001C,0.007965,0.992036,6,16,SP,phobius,8.812222222222221,0.801111111111111,10
YLR037C,7.87e-4,0.999202,4,15,SP,phobius,9.546666666666669,0.7955555555555557,11
YIL140W,2.31e-4,0.999736,6,17,SP,phobius,9.72,0.81,11
YMR244W,3.47e-4,0.999617,6,17,SP,phobius,9.666666666666668,0.8055555555555556,11
Q0055,1,1e-6,15,36,TM,phobius,18.455555555555552,0.8388888888888888,21
YGL104C,0.999984,1.5e-5,27,46,TM,phobius,16.355555555555558,0.8177777777777778,19
YPL189W,0.971362,0.028639,6,14,SP,phobius,7.580000000000001,0.8422222222222223,8
YDR366C,0.999011,0.001008,6,26,TM,phobius,18.2,0.8666666666666667,20
Q0065,1,1e-6,15,36,TM,phobius,18.455555555555552,0.8388888888888888,21
YDR284C,1,6e-6,21,37,TM,phobius,14.695555555555554,0.8644444444444443,16
YJL143W,0.999953,5.9e-5,12,35,TM,phobius,19.386666666666663,0.8077777777777777,23
YHL042W,0.999964,4.4e-5,24,35,SP,phobius,10.213333333333335,0.8511111111111112,11
YBR205W,0.999922,7.1e-5,28,39,SP,phobius,10.159999999999998,0.8466666666666666,11
YML018C,1,0,15,38,TM,phobius,20.266666666666666,0.8444444444444444,23
YLR138W,1,0,12,33,TM,phobius,17.91777777777778,0.8144444444444445,21
YLR456W,1,0,20,41,TM,phobius,18.04,0.82,21
YPL134C,0.999791,2.15e-4,12,32,TM,phobius,16.683333333333337,0.7944444444444446,20
YNL217W,1,4e-6,12,30,TM,phobius,16.340000000000003,0.8600000000000001,18
YML030W,0.999859,1.2e-4,33,52,TM,phobius,16.133333333333333,0.8066666666666666,19
YDL046W,2.39e-4,0.999757,7,17,SP,phobius,9.044444444444443,0.8222222222222221,10
YJL078C,4e-4,0.999582,4,14,SP,phobius,9.166666666666668,0.8333333333333335,10
YEL017C-A,1,0,6,30,TM,phobius,21.22222222222222,0.8488888888888888,24
YHL026C,1,0,20,49,TM,phobius,25.833333333333336,0.8611111111111112,29
YCR028C,1,3e-6,29,47,TM,phobius,16.044444444444444,0.8444444444444444,18
YER058W,0.95988,0.040126,7,17,SP,phobius,8.84888888888889,0.8044444444444445,10
YNR059W,1,0,11,26,SP,phobius,13.04888888888889,0.8155555555555556,15
YLR066W,1,2e-6,15,34,TM,phobius,17.022222222222222,0.851111111111111,19
YDL232W,1,0,7,28,TM,phobius,18.60222222222222,0.8455555555555555,21
YOL013C,1,0,12,29,TM,phobius,14.999999999999998,0.8333333333333333,17
YAL008W,0.999996,1e-5,40,59,TM,phobius,16.13333333333333,0.8066666666666665,19
YPR170W-B,1,0,12,31,TM,phobius,16.555555555555557,0.8277777777777778,19
YDR304C,0.001754,0.998214,6,17,SP,phobius,10.093333333333334,0.8411111111111111,11
YDR033W,0.999938,9.3e-5,35,55,TM,phobius,17.896666666666665,0.8522222222222221,20
YOR097C,1,1e-5,21,42,TM,phobius,17.991111111111113,0.8177777777777778,21
YNL320W,1,4e-6,9,17,SP,phobius,7.319999999999999,0.8133333333333332,8
YML052W,1,0,7,29,TM,phobius,19.396666666666665,0.8433333333333333,22
YHL046C,0.001318,0.998667,4,15,SP,phobius,9.386666666666667,0.7822222222222223,11
YJL062W,1,0,8,19,SP,phobius,10.213333333333333,0.851111111111111,11
YEL033W,1,4e-6,15,33,TM,phobius,16.150000000000002,0.8500000000000001,18
YGL258W,2.45e-4,0.999732,3,14,SP,phobius,9.959999999999999,0.83,11
YML061C,1,0,18,28,SP,phobius,8.836666666666666,0.8033333333333332,10
YJL139C,0.989189,0.010819,6,25,TM,phobius,16.799999999999997,0.8399999999999999,19
Q0045,1,1e-6,15,36,TM,phobius,18.455555555555552,0.8388888888888888,21
YPR037C,0.949115,0.050898,9,26,TM,phobius,15.019999999999998,0.8344444444444443,17
YHR098C,1,0,6,16,SP,phobius,8.53111111111111,0.7755555555555556,10
YLR103C,1,3e-6,27,49,TM,phobius,18.98777777777778,0.8255555555555556,22
YCL045C,3.34e-4,0.99965,8,17,SP,phobius,8.52222222222222,0.8522222222222221,9
Q0070,1,1e-6,15,36,TM,phobius,18.455555555555552,0.8388888888888888,21
YIR021W-A,1,1e-6,15,36,TM,phobius,18.259999999999998,0.8299999999999998,21
YGL259W,0.026907,0.973065,3,13,SP,phobius,8.726666666666667,0.7933333333333333,10
YBR207W,1,1e-6,6,33,TM,phobius,23.582222222222217,0.8422222222222221,27
YML073C,1,0,30,47,TM,phobius,14.54,0.8077777777777777,17
YLR084C,0.064456,0.935523,6,15,SP,phobius,8.055555555555555,0.8055555555555555,9
YNL277W-A,0.999953,4.2e-5,38,54,TM,phobius,14.46888888888889,0.8511111111111112,16
YML055W,0.999992,2.2e-5,41,59,TM,phobius,15.41111111111111,0.811111111111111,18
YLR046C,0.999968,2e-5,37,57,TM,phobius,17.429999999999996,0.8299999999999998,20
YHR003C,0.957481,0.042522,8,18,SP,phobius,8.567777777777778,0.778888888888889,10
YDR221W,0.004218,0.995764,5,12,SP,phobius,6.71111111111111,0.8388888888888888,7
YPL264C,1,1e-6,15,37,TM,phobius,19.166666666666668,0.8333333333333334,22
YIL054W,0.998191,0.001804,42,60,TM,phobius,16.276666666666667,0.8566666666666667,18
YOR382W,0.010675,0.989307,3,13,SP,phobius,8.592222222222222,0.7811111111111111,10
YOR214C,0.048044,0.95194,4,15,SP,phobius,9.813333333333333,0.8177777777777777,11
YGR014W,3.1e-4,0.999666,5,16,SP,phobius,9.733333333333334,0.8111111111111112,11
YOR152C,0.945663,0.054345,4,12,SP,phobius,7.499999999999999,0.8333333333333333,8
YHR126C,2.87e-4,0.99968,3,13,SP,phobius,8.885555555555555,0.8077777777777777,10
YMR247W-A,0.999152,8.52e-4,10,19,SP,phobius,8.088888888888889,0.8088888888888888,9
YER078W-A,0.998814,0.001185,21,43,TM,phobius,18.476666666666663,0.8033333333333332,22
YBR159W,0.999985,9e-6,20,44,TM,phobius,20.694444444444443,0.8277777777777777,24
YLR286C,4.78e-4,0.999505,3,16,SP,phobius,11.666666666666666,0.8333333333333333,13
YJL059W,1,0,12,35,TM,phobius,20.21333333333333,0.8422222222222221,23
YDL049C,5.08e-4,0.999466,4,15,SP,phobius,10.213333333333333,0.851111111111111,11
YCL027W,0.948827,0.051172,8,19,SP,phobius,9.333333333333336,0.7777777777777779,11
YLR120C,0.958678,0.041324,8,16,SP,phobius,6.9,0.7666666666666667,8
YBR301W,0.001105,0.998869,4,15,SP,phobius,9.386666666666667,0.7822222222222223,11
YLR250W,0.02129,0.978675,7,15,SP,phobius,7.3,0.8111111111111111,8
YKR066C,0.999942,6.3e-5,20,37,TM,phobius,13.920000000000002,0.7733333333333334,17
YPR201W,1,7e-6,35,55,TM,phobius,17.546666666666667,0.8355555555555556,20
YOR222W,1,2.1e-5,12,33,TM,phobius,17.306666666666665,0.7866666666666666,21
YOL030W,0.043322,0.956664,6,14,SP,phobius,7.04,0.7822222222222223,8
YPR139C,1,7e-6,31,53,TM,phobius,19.24333333333333,0.8366666666666664,22
YOR254C,1,1e-6,14,32,TM,phobius,15.706666666666665,0.8266666666666665,18
YFR012W,0.999846,1.64e-4,6,17,SP,phobius,9.813333333333334,0.8177777777777778,11
YDR182W-A,0.999966,4.5e-5,19,30,SP,phobius,9.866666666666667,0.8222222222222223,11
YKL221W,0.999957,5.5e-5,40,58,TM,phobius,16.17111111111111,0.851111111111111,18
YER039C,1,0,12,30,TM,phobius,15.326666666666664,0.8066666666666665,18
YDR387C,0.999997,1.3e-5,33,55,TM,phobius,18.476666666666663,0.8033333333333332,22
YIR019C,2.73e-4,0.999721,5,16,SP,phobius,9.733333333333334,0.8111111111111111,11
Q0130,1,1e-6,12,34,TM,phobius,19.03888888888889,0.8277777777777778,22
YJL192C,2.89e-4,0.999694,5,15,SP,phobius,9.105555555555556,0.8277777777777778,10
YHR181W,1,0,6,29,TM,phobius,19.44,0.81,23
YMR243C,1,0,7,28,TM,phobius,18.088888888888892,0.8222222222222223,21
YJR061W,1,6e-6,20,41,TM,phobius,18.65111111111111,0.8477777777777777,21
YBR243C,1,3e-6,4,15,SP,phobius,9.89333333333333,0.8244444444444443,11
YOR105W,1,1e-5,27,36,SP,phobius,8.088888888888889,0.8088888888888888,9
YJL127C-B,0.9976,0.002388,28,46,TM,phobius,15.305555555555555,0.8055555555555556,18
YGR150C,1,3e-6,12,19,SP,phobius,6.373333333333333,0.7966666666666666,7
YLR390W-A,2.61e-4,0.999707,6,17,SP,phobius,9.32,0.7766666666666667,11
YHL035C,1,1.3e-5,29,47,TM,phobius,15.326666666666666,0.8066666666666666,18
YCR068W,0.999995,1e-6,12,34,TM,phobius,19.19222222222222,0.8344444444444444,22
YIR039C,0.027986,0.971995,3,13,SP,phobius,8.726666666666667,0.7933333333333333,10
YML066C,0.996237,0.003785,7,27,TM,phobius,17.733333333333334,0.8444444444444444,20
YLR151C,0.999934,7e-5,40,58,TM,phobius,16.15,0.85,18
YOR016C,2.31e-4,0.999754,3,16,SP,phobius,11.697777777777777,0.8355555555555555,13
YHR021W-A,0.994406,0.005588,7,24,TM,phobius,15.2,0.8444444444444444,17
YBR171W,1,3e-6,28,48,TM,phobius,17.92,0.8533333333333334,20
YML129C,0.99999,3e-5,20,38,TM,phobius,15.009999999999998,0.7899999999999999,18
YBR220C,1,1e-6,20,43,TM,phobius,20.08,0.8366666666666666,23
YNL327W,6.55e-4,0.999313,4,15,SP,phobius,9.893333333333333,0.8244444444444444,11
YMR058W,2.96e-4,0.999669,4,16,SP,phobius,10.717777777777776,0.8244444444444443,12
YPL050C,1,2e-6,15,33,TM,phobius,16.403333333333332,0.8633333333333333,18
YKR051W,1,0,6,29,TM,phobius,19.946666666666665,0.831111111111111,23
YBR293W,1,0,35,56,TM,phobius,17.917777777777776,0.8144444444444444,21
YNR067C,0.014533,0.985428,3,11,SP,phobius,7.439999999999999,0.8266666666666665,8
YOR190W,3.52e-4,0.999611,7,15,SP,phobius,7.099999999999999,0.7888888888888888,8
YIR024C,0.999844,1.4e-4,44,60,TM,phobius,14.034444444444443,0.8255555555555555,16
YOL155C,0.001042,0.99893,8,16,SP,phobius,7.1,0.7888888888888889,8
YMR325W,0.001667,0.99830700000000006,4,15,SP,phobius,9.386666666666667,0.7822222222222223,11
YIL158W,1,0,6,27,TM,phobius,18.895555555555553,0.8588888888888888,21
YOL019W,1,3e-6,7,33,TM,phobius,22.56,0.8355555555555555,26
YDR459C,0.999807,2.03e-4,17,28,SP,phobius,10.08,0.84,11
YPL156C,1,2e-6,20,38,TM,phobius,15.664444444444442,0.8244444444444443,18
YLR251W,0.99128,0.008723,20,38,TM,phobius,15.24222222222222,0.8022222222222221,18
YMR297W,3.36e-4,0.999643,3,13,SP,phobius,8.751111111111111,0.7955555555555556,10
YJL158C,2.41e-4,0.999738,6,16,SP,phobius,8.47,0.7700000000000001,10
YCR024C-B,1,1e-6,6,25,TM,phobius,16.42222222222222,0.821111111111111,19
YBR013C,0.006313,0.993688,8,16,SP,phobius,7.56,0.84,8
YIL015W,3.08e-4,0.999672,7,19,SP,phobius,10.631111111111112,0.8177777777777778,12
YNL328C,0.960003,0.040012,5,16,SP,phobius,9.879999999999999,0.8233333333333333,11
YER190C-B,0.999986,9e-6,39,58,TM,phobius,16.488888888888887,0.8244444444444443,19
YOL007C,0.095646,0.904326,11,20,SP,phobius,8.377777777777776,0.8377777777777777,9
YLR064W,1,3e-6,25,43,TM,phobius,15.791111111111109,0.831111111111111,18
YLL031C,0.999987,1.7e-5,34,58,TM,phobius,21.444444444444443,0.8577777777777778,24
YGL086W,1,0,5,15,SP,phobius,8.714444444444444,0.7922222222222222,10
YNL129W,0.26619,0.733791,6,14,SP,phobius,7.329999999999998,0.8144444444444443,8
YHR138C,2.4e-4,0.999755,3,14,SP,phobius,10.16,0.8466666666666667,11
YGR106C,0.003984,0.996016,6,17,SP,phobius,10.066666666666666,0.8388888888888889,11
YGL002W,0.003345,0.996634,6,24,TM,phobius,15.93888888888889,0.8388888888888889,18
YHL028W,3.37e-4,0.999624,10,21,SP,phobius,10.213333333333335,0.8511111111111112,11
YLR361C,0.999876,1.37e-4,12,29,TM,phobius,15.34,0.8522222222222222,17
YOR298W,0.999879,1.2e-4,33,53,TM,phobius,17.336666666666666,0.8255555555555555,20
YGL226C-A,1,4e-6,27,47,TM,phobius,17.313333333333333,0.8244444444444444,20
YOL084W,1,0,6,31,TM,phobius,22.359999999999996,0.8599999999999999,25
YDR452W,1,4e-6,21,42,TM,phobius,19.18888888888889,0.8722222222222222,21
YDL018C,2.13e-4,0.999738,4,15,SP,phobius,10.186666666666666,0.8488888888888888,11
Q0250,0.99971,2.89e-4,43,59,TM,phobius,14.468888888888888,0.851111111111111,16
YLR155C,3.72e-4,0.999601,6,13,SP,phobius,6.568888888888889,0.8211111111111111,7
YIL085C,1,1e-5,21,43,TM,phobius,19.575555555555553,0.851111111111111,22
YNR061C,1,0,16,35,TM,phobius,16.288888888888888,0.8144444444444444,19
Q0110,1,1.1e-5,28,52,TM,phobius,20.63888888888889,0.8255555555555556,24
YIR041W,0.001667,0.99830700000000006,4,15,SP,phobius,9.386666666666667,0.7822222222222223,11
YHR101C,0.058908,0.94107,3,14,SP,phobius,10.013333333333334,0.8344444444444444,11
YLR243W,1,0,4,9,SP,phobius,4.766666666666667,0.7944444444444444,5
YDL024C,2.58e-4,0.999704,5,15,SP,phobius,9.264444444444445,0.8422222222222222,10
YIL156W-B,0.166905,0.833073,6,24,TM,phobius,15.368888888888888,0.8088888888888889,18
YHR214W,0.005098,0.994868,8,18,SP,phobius,8.592222222222222,0.7811111111111111,10
YNL128W,0.999897,8.9e-5,38,58,TM,phobius,17.453333333333333,0.8311111111111111,20
YLR440C,1,0,6,14,SP,phobius,7.46,0.8288888888888889,8
YBR054W,0.999967,4.3e-5,35,55,TM,phobius,17.36,0.8266666666666667,20
YMR298W,0.999987,6e-6,20,40,TM,phobius,17.779999999999994,0.8466666666666665,20
YNL238W,0.006515,0.993462,7,15,SP,phobius,7.539999999999999,0.8377777777777777,8
YPL163C,4.27e-4,0.999535,5,13,SP,phobius,7.41,0.8233333333333334,8
YML125C,1,1e-6,17,35,TM,phobius,15.601111111111111,0.8211111111111111,18
YPL246C,1,1e-6,15,37,TM,phobius,18.86,0.82,22
YLR152C,0.99974,2.5e-4,6,30,TM,phobius,20.47222222222222,0.8188888888888889,24
YGR168C,0.999977,2.7e-5,35,54,TM,phobius,16,0.8,19
YEL031W,0.999878,1.14e-4,28,44,TM,phobius,13.448888888888886,0.791111111111111,16
YPR109W,0.999985,5e-6,31,48,TM,phobius,14.62,0.8122222222222222,17
YKR100C,1,2e-6,6,29,TM,phobius,20.693333333333335,0.8622222222222222,23
YFL067W,0.908682,0.091323,4,16,SP,phobius,10.89111111111111,0.8377777777777777,12
YOR049C,1,0,6,24,TM,phobius,16.086666666666662,0.8466666666666665,18
YOR009W,2.48e-4,0.999763,6,17,SP,phobius,9.506666666666666,0.7922222222222222,11
YLR378C,0.999971,2.3e-5,33,55,TM,phobius,19.32,0.84,22
YDR414C,1,2e-6,25,44,TM,phobius,17.044444444444444,0.8522222222222222,19
YGR189C,0.004811,0.995171,6,17,SP,phobius,9.466666666666669,0.788888888888889,11
YER113C,0.998256,0.001763,6,22,TM,phobius,14.41222222222222,0.8477777777777776,16
YBR196C-A,1,0,6,28,TM,phobius,18.987777777777776,0.8255555555555555,22
YER118C,0.999968,3.2e-5,33,43,SP,phobius,8.84888888888889,0.8044444444444445,10
YNL024C-A,3.04e-4,0.999648,10,21,SP,phobius,10.200000000000001,0.8500000000000001,11
YBR283C,0.999982,3.6e-5,33,53,TM,phobius,17.359999999999996,0.8266666666666665,20
YHR195W,1,5e-6,6,23,TM,phobius,14.200000000000001,0.788888888888889,17
YKL044W,0.999987,1.3e-5,21,39,TM,phobius,15.601111111111111,0.8211111111111111,18
YLL064C,0.001318,0.998667,4,15,SP,phobius,9.386666666666667,0.7822222222222223,11
YLR121C,3.58e-4,0.999622,3,14,SP,phobius,9.44,0.7866666666666666,11
YKR044W,0.999997,9e-6,10,22,SP,phobius,10.948888888888888,0.8422222222222221,12
YJL186W,0.993628,0.006393,13,24,SP,phobius,10.280000000000001,0.8566666666666667,11
YDL010W,0.934373,0.065644,12,23,SP,phobius,10.306666666666667,0.8588888888888889,11
YMR065W,7.39e-4,0.999219,7,14,SP,phobius,6.684444444444445,0.8355555555555556,7
YDR233C,0.99994,4e-5,35,56,TM,phobius,17.72222222222222,0.8055555555555555,21
YCR045C,7.29e-4,0.999256,5,12,SP,phobius,6.55111111111111,0.8188888888888888,7
YLR040C,0.008293,0.991663,13,20,SP,phobius,6.55111111111111,0.8188888888888888,7
YPL187W,3.76e-4,0.999602,3,14,SP,phobius,9.693333333333333,0.8077777777777778,11
YJL178C,5.89e-4,0.999412,6,14,SP,phobius,7.539999999999999,0.8377777777777777,8
YOL105C,0.871831,0.128183,22,33,SP,phobius,9.8533333333333335,0.8211111111111111,11
YGL257C,0.99356,0.006455,7,24,TM,phobius,15.259999999999998,0.8477777777777776,17
YOR085W,0.00148,0.998499,4,15,SP,phobius,10.173333333333332,0.8477777777777777,11
YER072W,0.999988,2e-5,33,53,TM,phobius,16.776666666666667,0.7988888888888889,20
YPR117W,1,0,15,39,TM,phobius,21.22222222222222,0.8488888888888888,24
YBL057C,0.999991,3.3e-5,12,30,TM,phobius,14.98888888888889,0.788888888888889,18
YGL084C,0.999383,6.26e-4,42,60,TM,phobius,15.896666666666663,0.8366666666666664,18
YDR541C,1,0,5,16,SP,phobius,9.653333333333332,0.8044444444444444,11
YMR088C,0.999978,1.1e-5,38,60,TM,phobius,18.757777777777775,0.8155555555555555,22
YIL147C,1,2e-6,23,47,TM,phobius,20.333333333333332,0.8133333333333332,24
YFR032C-B,0.99995,6.1e-5,20,42,TM,phobius,18.78333333333333,0.8166666666666667,22
YPL227C,1,1e-6,12,33,TM,phobius,18.26,0.8300000000000001,21
YLR160C,3.72e-4,0.999601,6,13,SP,phobius,6.568888888888889,0.8211111111111111,7
YPL072W,0.918902,0.081101,20,40,TM,phobius,16.893333333333334,0.8044444444444445,20
YEL042W,1,3e-6,10,23,SP,phobius,11.884444444444444,0.8488888888888888,13
YJR085C,1,0,26,46,TM,phobius,16.776666666666667,0.7988888888888889,20
YBR162W-A,0.999724,2.64e-4,39,60,TM,phobius,18.55333333333333,0.8433333333333333,21
YER014W,1,3e-6,12,31,TM,phobius,16.044444444444444,0.8022222222222222,19
YJL079C,7.8e-4,0.999187,6,14,SP,phobius,6.93,0.77,8
YKR102W,3.03e-4,0.999651,8,19,SP,phobius,9.946666666666664,0.8288888888888887,11
YEL060C,0.771085,0.228917,6,13,SP,phobius,6.231111111111111,0.7788888888888889,7
YMR264W,1,0,6,23,TM,phobius,15.32,0.8511111111111112,17
YGL261C,0.001318,0.998667,4,15,SP,phobius,9.386666666666667,0.7822222222222223,11
YOR002W,0.999917,1.09e-4,40,58,TM,phobius,16.34,0.86,18
YHR214C-E,0.999756,2.44e-4,14,33,TM,phobius,16.022222222222222,0.8011111111111111,19
YGL203C,0.084764,0.915199,6,17,SP,phobius,9.493333333333332,0.791111111111111,11
YOL152W,0.999943,6.6e-5,43,60,TM,phobius,15.18,0.8433333333333333,17
YLL048C,1,6e-6,31,50,TM,phobius,16.955555555555556,0.8477777777777777,19
YJL159W,5.92e-4,0.999375,7,18,SP,phobius,9.173333333333334,0.7644444444444445,11
YJL054W,0.999978,1.9e-5,39,57,TM,phobius,15.601111111111111,0.8211111111111111,18
YMR214W,6.55e-4,0.999305,5,16,SP,phobius,9.933333333333334,0.8277777777777777,11
YNL121C,0.99391,0.006095,10,19,SP,phobius,7.722222222222223,0.7722222222222224,9
YJR137C,1,0,6,14,SP,phobius,6.949999999999999,0.7722222222222221,8
YAR071W,5.34e-4,0.999432,4,12,SP,phobius,7,0.7777777777777778,8
YDR415C,2.55e-4,0.999716,3,14,SP,phobius,9.946666666666667,0.8288888888888889,11
YKL065C,1,0,6,26,TM,phobius,18.106666666666666,0.8622222222222222,20
YLR047C,0.999981,3e-5,36,57,TM,phobius,18.846666666666668,0.8566666666666667,21
YDR084C,0.999996,1.7e-5,18,37,TM,phobius,16.4,0.82,19
YPR079W,0.935951,0.064056,7,25,TM,phobius,15.896666666666667,0.8366666666666667,18
YJR075W,0.989862,0.010136,12,33,TM,phobius,18.528888888888886,0.8422222222222221,21
YNL190W,6.73e-4,0.999298,4,15,SP,phobius,9.373333333333335,0.7811111111111112,11
YOL011W,3.18e-4,0.99968,10,22,SP,phobius,10.746666666666666,0.8266666666666667,12
YAR066W,0.005098,0.994868,8,18,SP,phobius,8.592222222222222,0.7811111111111111,10
YIL011W,2.38e-4,0.99973,6,17,SP,phobius,9.520000000000001,0.7933333333333334,11
YFR026C,2.62e-4,0.999689,5,15,SP,phobius,8.995555555555555,0.8177777777777777,10
YML087C,1,0,16,35,TM,phobius,16.244444444444444,0.8122222222222222,19
YER076C,0.001909,0.998063,7,18,SP,phobius,10.133333333333333,0.8444444444444443,11
YBR210W,1,0,4,15,SP,phobius,9.706666666666665,0.8088888888888888,11
YNL322C,0.001279,0.998692,6,17,SP,phobius,9.546666666666667,0.7955555555555556,11
YBL100W-C,0.992645,0.007356,5,13,SP,phobius,7.419999999999999,0.8244444444444443,8
YDR483W,0.999715,3.1e-4,13,24,SP,phobius,9.919999999999998,0.8266666666666665,11
YPR027C,0.98973,0.010279,7,15,SP,phobius,7.379999999999999,0.8199999999999998,8
YGL138C,4.11e-4,0.999554,7,17,SP,phobius,9.325555555555555,0.8477777777777777,10
YBR093C,8.01e-4,0.999185,4,12,SP,phobius,7.010000000000001,0.778888888888889,8
YJL222W,3.82e-4,0.999583,6,16,SP,phobius,9.398888888888887,0.8544444444444443,10
YMR238W,3.45e-4,0.999609,10,21,SP,phobius,10.026666666666666,0.8355555555555555,11
YLR414C,0.141962,0.858033,4,22,SP,phobius,15.727777777777781,0.827777777777778,18
YOR246C,0.999991,3e-6,28,47,TM,phobius,16.666666666666668,0.8333333333333334,19
YCL005W,0.999961,5e-5,6,23,TM,phobius,14.499999999999998,0.8055555555555555,17
YJR013W,1,0,6,25,TM,phobius,16.511111111111106,0.8255555555555554,19
YJR118C,1,1e-6,15,26,SP,phobius,10.133333333333333,0.8444444444444444,11
YGR279C,0.002819,0.997144,6,14,SP,phobius,6.89,0.7655555555555555,8
YMR172W,0.999831,1.73e-4,21,38,TM,phobius,14.759999999999998,0.8199999999999998,17
YAL063C,2.07e-4,0.999752,7,18,SP,phobius,9.986666666666666,0.8322222222222222,11
YAR020C,0.011395,0.988597,4,15,SP,phobius,9.386666666666667,0.7822222222222223,11
YHR212W-A,2.27e-4,0.999771,6,17,SP,phobius,9.813333333333333,0.8177777777777777,11
YNR048W,0.999919,8.9e-5,41,60,TM,phobius,17.044444444444448,0.8522222222222223,19
YHR086W-A,0.999955,4.7e-5,3,12,SP,phobius,8.277777777777777,0.8277777777777777,9
YOR336W,2.41e-4,0.999737,3,13,SP,phobius,9.301111111111108,0.8455555555555554,10
YDR524C-B,7.06e-4,0.999265,5,13,SP,phobius,7.140000000000001,0.7933333333333334,8
YJL160C,0.057939,0.942044,7,18,SP,phobius,9.373333333333333,0.7811111111111111,11
YBR287W,1,0,12,32,TM,phobius,17.29,0.8233333333333333,20
Q0050,1,1e-6,15,36,TM,phobius,18.455555555555552,0.8388888888888888,21
YPR204W,1,1.5e-5,36,55,TM,phobius,16.177777777777777,0.8088888888888888,19
YHR202W,4.1e-4,0.999578,5,13,SP,phobius,7.4,0.8222222222222223,8
YPR140W,1,5e-6,26,47,TM,phobius,17.82,0.81,21
YDR276C,1,0,6,23,TM,phobius,14.780000000000001,0.8211111111111111,17
YLL056C,1,2e-6,3,13,SP,phobius,8.628888888888888,0.7844444444444444,10
YGR221C,0.999071,9.17e-4,38,60,TM,phobius,19.371111111111112,0.8422222222222222,22
YHR140W,1,0,10,21,SP,phobius,9.44,0.7866666666666666,11
YOR241W,0.999966,2.6e-5,39,57,TM,phobius,15.411111111111111,0.8111111111111111,18
YOL129W,1,1e-6,25,42,TM,phobius,14.82,0.8233333333333334,17
YKL073W,0.921945,0.078066,7,19,SP,phobius,10.66,0.8200000000000001,12
YMR189W,1,0,6,13,SP,phobius,6.213333333333334,0.7766666666666667,7
YOR137C,0.937716,0.062291,15,26,SP,phobius,9.986666666666666,0.8322222222222222,11
YGL051W,0.999952,5e-5,40,60,TM,phobius,17.29,0.8233333333333334,20
YJL161W,0.999959,2.5e-5,34,53,TM,phobius,15.777777777777777,0.7888888888888889,19
YEL049W,9.57e-4,0.999012,4,15,SP,phobius,9.386666666666667,0.7822222222222223,11
YLR406C-A,0.99845,0.001555,6,14,SP,phobius,7.359999999999999,0.8177777777777777,8
YDL122W,0.999962,2.7e-5,34,51,TM,phobius,15.38,0.8544444444444445,17
Q0060,1,1e-6,15,36,TM,phobius,18.455555555555552,0.8388888888888888,21
YEL050C,1,0,2,13,SP,phobius,9.253333333333334,0.7711111111111111,11
YLR426W,1,6e-6,7,26,TM,phobius,16.4,0.82,19
YCL058C,0.99993,7.6e-5,26,45,TM,phobius,16.555555555555554,0.8277777777777777,19
YGL053W,0.999854,1.35e-4,40,60,TM,phobius,17.22,0.82,20
YAR033W,0.999947,3.8e-5,40,60,TM,phobius,17.29,0.8233333333333334,20
YMR150C,0.998032,0.001982,12,31,TM,phobius,17.022222222222222,0.8511111111111112,19
YLR034C,1,0,7,26,TM,phobius,15.955555555555554,0.7977777777777777,19
YML100W-A,1,0,12,29,TM,phobius,14.34,0.7966666666666666,17
YDR536W,1,4e-6,27,44,TM,phobius,14.1,0.7833333333333333,17
YOR104W,0.999954,5.5e-5,40,60,TM,phobius,17.990000000000002,0.8566666666666667,20
YLR158C,3.72e-4,0.999601,6,13,SP,phobius,6.568888888888889,0.8211111111111111,7
YKL096W,2.51e-4,0.999724,4,15,SP,phobius,9.56,0.7966666666666667,11
YIR014W,0.999978,2.8e-5,36,57,TM,phobius,18.675555555555555,0.8488888888888888,21
YOR178C,1,0,2,9,SP,phobius,6.133333333333334,0.7666666666666667,7
YNL143C,0.999326,6.7e-4,12,31,TM,phobius,16.444444444444443,0.8222222222222221,19
YMR123W,1,1e-6,20,41,TM,phobius,18.479999999999997,0.8399999999999999,21
YNL019C,0.001266,0.998696,10,21,SP,phobius,9.72,0.81,11
YGR236C,0.999798,2.06e-4,20,38,TM,phobius,15.389999999999999,0.8099999999999999,18
YDR236C,0.997916,0.002101,8,19,SP,phobius,9.89333333333333,0.8244444444444443,11
YJL002C,2.42e-4,0.999726,6,17,SP,phobius,10.280000000000001,0.8566666666666667,11
YHL016C,1,0,12,35,TM,phobius,19.626666666666665,0.8177777777777777,23
YOL088C,2.93e-4,0.999672,7,18,SP,phobius,9.906666666666666,0.8255555555555556,11
YHL044W,0.999962,5.2e-5,39,60,TM,phobius,18.675555555555555,0.8488888888888888,21
YKL120W,0.999816,1.83e-4,20,40,TM,phobius,16.986666666666668,0.808888888888889,20
YCR021C,1,1.8e-5,34,56,TM,phobius,19.75444444444444,0.8588888888888888,22
YHR063C,0.995358,0.00464,7,17,SP,phobius,8.885555555555555,0.8077777777777777,10
YLR332W,0.40919,0.590805,12,20,SP,phobius,7.58,0.8422222222222222,8
YMR261C,0.875988,0.124012,3,10,SP,phobius,6.488888888888889,0.8111111111111111,7
YER001W,0.999954,5.7e-5,12,36,TM,phobius,21.305555555555554,0.8522222222222221,24
YLL012W,1,1e-6,12,36,TM,phobius,21.583333333333336,0.8633333333333334,24
YLR213C,4.39e-4,0.999511,4,15,SP,phobius,9.693333333333332,0.8077777777777777,11
YJR010C-A,1,7e-6,30,49,TM,phobius,16.511111111111113,0.8255555555555556,19
YMR209C,1,1e-6,6,21,TM,phobius,13.564444444444444,0.8477777777777777,15
YER084W,0.999183,8.21e-4,6,24,TM,phobius,16.593333333333334,0.8733333333333333,18
YNL070W,1,1.1e-5,20,41,TM,phobius,17.82,0.8099999999999999,21
YLR404W,1,1e-6,14,37,TM,phobius,20.106666666666666,0.8377777777777777,23
YPL183W-A,1,0,27,38,SP,phobius,9.32,0.7766666666666667,11
YCR024C-A,0.999999,0,6,27,TM,phobius,18.675555555555555,0.8488888888888888,21
YCL069W,1,0,6,30,TM,phobius,21.02777777777778,0.8411111111111111,24
YKL154W,0.980469,0.019553,6,23,TM,phobius,15.399999999999999,0.8555555555555555,17
YMR063W,1,5e-6,6,28,TM,phobius,19.65222222222222,0.8544444444444443,22
YML128C,0.004696,0.99528,6,17,SP,phobius,9.879999999999999,0.8233333333333333,11
YHL008C,0.999977,1.3e-5,32,54,TM,phobius,18.34888888888889,0.7977777777777778,22
YOL092W,1,0,12,30,TM,phobius,16.171111111111113,0.8511111111111113,18
YOL003C,1,0,7,29,TM,phobius,18.52777777777778,0.8055555555555556,22
YKL039W,0.676107,0.323884,10,21,SP,phobius,10.333333333333334,0.8611111111111112,11
YGL028C,9.38e-4,0.999015,5,15,SP,phobius,8.812222222222221,0.8011111111111111,10
YJL118W,1,0,2,10,SP,phobius,7.07,0.7855555555555556,8
YMR215W,2.98e-4,0.999693,7,15,SP,phobius,7.090000000000002,0.7877777777777779,8
YJL172W,1,2e-6,20,40,TM,phobius,17.546666666666667,0.8355555555555555,20
YEL047C,0.999852,1.46e-4,3,14,SP,phobius,9.586666666666666,0.7988888888888889,11
Q0120,1,1.1e-5,28,52,TM,phobius,20.63888888888889,0.8255555555555556,24
YGL114W,0.999994,4e-6,24,46,TM,phobius,18.297777777777775,0.7955555555555555,22
YHR213W-A,0.999975,2.8e-5,20,38,TM,phobius,16.36111111111111,0.8611111111111112,18
YOL073C,1,1e-6,12,32,TM,phobius,17.01,0.81,20
YER023W,0.994705,0.005293,4,12,SP,phobius,7.38,0.82,8
YIL136W,0.98783,0.012162,5,13,SP,phobius,7.07,0.7855555555555556,8
YDR438W,1,0,12,31,TM,phobius,16.933333333333334,0.8466666666666667,19
YLR176C,0.999656,3.43e-4,20,39,TM,phobius,15.933333333333334,0.7966666666666666,19
YJL073W,0.856898,0.143112,3,14,SP,phobius,9.973333333333333,0.831111111111111,11
YML007C-A,0.999949,4.5e-5,18,35,TM,phobius,14,0.7777777777777778,17
YGR141W,0.825877,0.174127,15,37,TM,phobius,19.26888888888889,0.8377777777777777,22
YER119C,1,0,33,53,TM,phobius,17.733333333333334,0.8444444444444444,20
YDR322C-A,0.999661,3.44e-4,6,24,TM,phobius,15.516666666666666,0.8166666666666667,18
YBL039C,1,0,4,15,SP,phobius,9.573333333333332,0.7977777777777777,11
YPL057C,0.999965,4.6e-5,7,24,TM,phobius,15.159999999999998,0.8422222222222221,17
YBL020W,1,1e-6,25,45,TM,phobius,16.8,0.8,20
YPL221W,4.14e-4,0.999565,4,17,SP,phobius,12.008888888888889,0.8577777777777778,13
YPR133W-A,0.999986,1e-5,28,45,TM,phobius,14.639999999999997,0.8133333333333331,17
YHR117W,0.999886,1.32e-4,15,34,TM,phobius,15.622222222222224,0.7811111111111112,19
YLL025W,0.001307,0.998661,4,15,SP,phobius,9.386666666666667,0.7822222222222223,11
YML002W,0.999786,2.16e-4,12,31,TM,phobius,16.91111111111111,0.8455555555555556,19
YMR316C-A,0.998983,0.001021,6,16,SP,phobius,8.763333333333334,0.7966666666666666,10
YOR008C-A,0.965193,0.034806,28,44,TM,phobius,13.996666666666668,0.8233333333333334,16
YCR017C,1,5e-6,12,31,TM,phobius,16.244444444444447,0.8122222222222223,19
YGR174C,0.99998,1.7e-5,29,50,TM,phobius,17.89333333333333,0.8133333333333332,21
YPL056C,0.976406,0.023602,4,14,SP,phobius,8.616666666666667,0.7833333333333333,10
YFL041W,6.54e-4,0.999303,2,13,SP,phobius,9.680000000000001,0.8066666666666668,11
YBR041W,0.997529,0.002481,6,26,TM,phobius,17.639999999999997,0.8399999999999999,20
YDR519W,8.67e-4,0.999137,5,16,SP,phobius,9.92,0.8266666666666667,11
YML104C,0.999998,1.3e-5,12,43,TM,phobius,27.27111111111111,0.8522222222222222,31
YMR034C,1,6e-6,24,43,TM,phobius,17.22222222222222,0.8611111111111112,19
YBR014C,0.881844,0.118174,12,27,SP,phobius,13.813333333333334,0.8633333333333334,15
YPR138C,1,0,18,39,TM,phobius,18.088888888888892,0.8222222222222223,21
YDR078C,1,0,40,58,TM,phobius,15.263333333333332,0.8033333333333332,18
YMR019W,1,1e-6,18,35,TM,phobius,15.54,0.8633333333333333,17
YLL013C,1,0,13,23,SP,phobius,8.47,0.77,10
YOR037W,1,1.3e-5,30,48,TM,phobius,15.558888888888887,0.8188888888888888,18
YAR002C-A,2.79e-4,0.999692,3,14,SP,phobius,10,0.8333333333333333,11
YCL001W,0.999982,2.1e-5,42,59,TM,phobius,15.139999999999999,0.841111111111111,17
YEL068C,5.01e-4,0.999463,3,13,SP,phobius,8.763333333333334,0.7966666666666666,10
YOL104C,1,1e-6,7,17,SP,phobius,8.494444444444445,0.7722222222222223,10
YKR005C,0.005132,0.994832,4,13,SP,phobius,8.277777777777777,0.8277777777777777,9
YLR214W,2.59e-4,0.999727,6,16,SP,phobius,9.374444444444444,0.8522222222222222,10
YGL038C,1,2e-6,16,33,TM,phobius,14.999999999999998,0.8333333333333333,17
Q0115,1,1.1e-5,28,52,TM,phobius,20.63888888888889,0.8255555555555556,24
YML081C-A,0.935278,0.06473,12,28,TM,phobius,13.581111111111113,0.798888888888889,16
YML130C,8.9e-4,0.999072,5,15,SP,phobius,8.86111111111111,0.8055555555555556,10
YCL002C,1,0,2,13,SP,phobius,9.786666666666665,0.8155555555555555,11
YDL054C,1,9e-6,30,51,TM,phobius,17.55111111111111,0.7977777777777777,21
YOR044W,0.999982,1e-5,7,33,TM,phobius,22.529999999999998,0.8344444444444443,26
YHR143W,5.71e-4,0.999381,5,16,SP,phobius,10.2,0.85,11
YOR320C,0.999632,3.86e-4,12,34,TM,phobius,19.65222222222222,0.8544444444444443,22
YGR213C,1,0,15,37,TM,phobius,19.37111111111111,0.8422222222222221,22
YPR068C,1,3e-6,4,11,SP,phobius,6.213333333333334,0.7766666666666667,7
YNL048W,1,1e-6,22,41,TM,phobius,16.2,0.8099999999999999,19
YGR131W,1,0,12,28,TM,phobius,14.128888888888888,0.831111111111111,16
YGL020C,0.998819,0.001199,3,14,SP,phobius,10.106666666666666,0.8422222222222222,11
YDL123W,1,0,13,31,TM,phobius,16.065555555555555,0.8455555555555556,18
YGL054C,0.999797,2.29e-4,3,10,SP,phobius,6.782222222222223,0.8477777777777779,7
YKR058W,0.969782,0.030214,5,14,SP,phobius,7.811111111111111,0.7811111111111111,9
YJL094C,1,0,23,44,TM,phobius,18.55333333333333,0.8433333333333333,21
YNL214W,1,7e-6,35,54,TM,phobius,16.844444444444445,0.8422222222222222,19
YML067C,1,7e-6,21,40,TM,phobius,16.755555555555553,0.8377777777777777,19
YJR153W,4.69e-4,0.999512,7,18,SP,phobius,9.76,0.8133333333333334,11
YNL149C,1,2e-6,23,41,TM,phobius,15.854444444444447,0.8344444444444445,18
YBR296C,1,0,6,30,TM,phobius,20.72222222222222,0.8288888888888888,24
YKL150W,0.998855,0.00115,12,31,TM,phobius,15.800000000000002,0.7900000000000001,19
YBR078W,2.92e-4,0.999704,6,14,SP,phobius,6.86,0.7622222222222222,8
YAL007C,2.73e-4,0.999681,5,20,SP,phobius,13.635555555555554,0.8522222222222221,15
YHR204W,2.73e-4,0.9997,2,13,SP,phobius,10.386666666666665,0.8655555555555554,11
YNL300W,3e-4,0.999688,3,13,SP,phobius,8.58,0.78,10
YBR241C,0.999992,3e-6,20,40,TM,phobius,17.243333333333332,0.8211111111111111,20
YNR066C,0.004156,0.995819,3,16,SP,phobius,11.76,0.84,13
YNL003C,0.955941,0.044064,3,13,SP,phobius,8.738888888888887,0.7944444444444443,10
YJL061W,1,9e-6,7,15,SP,phobius,6.86,0.7622222222222222,8
YOR067C,0.999948,5.6e-5,42,59,TM,phobius,14.459999999999997,0.8033333333333332,17
YNL012W,2.97e-4,0.999689,4,12,SP,phobius,7.539999999999999,0.8377777777777777,8
YOL163W,0.999996,4e-6,21,46,TM,phobius,21.26222222222222,0.8177777777777777,25
YCR011C,7.95e-4,0.999169,12,20,SP,phobius,7.390000000000001,0.8211111111111111,8
YOR065W,0.999973,3.4e-5,36,54,TM,phobius,14.672222222222224,0.7722222222222224,18
YDR352W,1,0,6,28,TM,phobius,18.52777777777778,0.8055555555555556,22
YIL014W,0.989277,0.01074,15,25,SP,phobius,9.02,0.82,10
YMR071C,0.999969,2.6e-5,29,58,TM,phobius,25.299999999999997,0.8433333333333333,29
YIL090W,1,0,41,60,TM,phobius,16.355555555555554,0.8177777777777777,19
YOL026C,0.999938,5e-5,35,55,TM,phobius,16.683333333333334,0.7944444444444444,20
YOR149C,0.890332,0.109681,6,25,TM,phobius,16.488888888888887,0.8244444444444443,19
YDR319C,0.937878,0.062124,12,30,TM,phobius,15.411111111111111,0.8111111111111111,18
YPR028W,0.999968,4.2e-5,38,58,TM,phobius,17.66333333333333,0.841111111111111,20
YMR015C,0.99994,7e-5,42,59,TM,phobius,15.259999999999998,0.8477777777777776,17
YER074W-A,0.789553,0.210445,6,24,TM,phobius,16.17111111111111,0.851111111111111,18
YGL194C-A,1,6e-6,12,29,TM,phobius,15.56,0.8644444444444445,17
YJL051W,1,1e-6,12,36,TM,phobius,20.305555555555554,0.8122222222222222,24
YDR420W,4e-4,0.99958,9,16,SP,phobius,6.47111111111111,0.8088888888888888,7
YBL039W-B,1,5e-6,23,41,TM,phobius,15.917777777777777,0.8377777777777777,18
YOR079C,0.93858,0.061428,6,28,TM,phobius,19.19222222222222,0.8344444444444444,22
YKL140W,0.999823,1.87e-4,14,33,TM,phobius,16.866666666666667,0.8433333333333333,19
YLR448W,1,0,30,47,TM,phobius,14.54,0.8077777777777777,17
YKL124W,0.999998,2.6e-5,40,60,TM,phobius,17.52333333333333,0.8344444444444443,20
YJL183W,0.99999,1.4e-5,33,51,TM,phobius,16.065555555555555,0.8455555555555555,18
YLR130C,1,6e-6,26,46,TM,phobius,17.966666666666665,0.8555555555555555,20
YHR188C,2.4e-4,0.999723,3,15,SP,phobius,10.63111111111111,0.8177777777777777,12
YDR434W,1,0,9,27,TM,phobius,16.128888888888888,0.8488888888888888,18
YNL326C,1,0,6,25,TM,phobius,16.466666666666665,0.8233333333333333,19
YLR300W,3.13e-4,0.999674,6,14,SP,phobius,7.27,0.8077777777777777,8
YNL279W,0.999964,4.5e-5,17,35,TM,phobius,15.62222222222222,0.8222222222222221,18
YJL077C,0.999964,2.1e-5,35,56,TM,phobius,18.406666666666663,0.8366666666666666,21
YAL053W,0.003007,0.996957,10,18,SP,phobius,7.72,0.8577777777777778,8
YMR272W-B,0.987793,0.012214,3,13,SP,phobius,8.897777777777776,0.8088888888888888,10
YPL006W,2.72e-4,0.999696,3,14,SP,phobius,9.986666666666666,0.8322222222222222,11
YJL116C,7.18e-4,0.999247,3,13,SP,phobius,8.518888888888888,0.7744444444444444,10
YLR241W,0.999991,2.6e-5,37,55,TM,phobius,15.432222222222219,0.8122222222222221,18
YKL077W,0.001842,0.998136,6,17,SP,phobius,9.746666666666666,0.8122222222222222,11
YHR151C,0.021941,0.978035,3,14,SP,phobius,10.28,0.8566666666666666,11
YCL012C,0.969453,0.030561,9,21,SP,phobius,10.89111111111111,0.8377777777777777,12
YPR075C,0.997636,0.0024,7,18,SP,phobius,8.440000000000001,0.7033333333333335,11
YBR199W,0.889834,0.110171,12,30,TM,phobius,15.812222222222223,0.8322222222222223,18
YER069W,1,0,3,10,SP,phobius,6.017777777777777,0.7522222222222221,7
YMR305C,0.00199,0.997975,6,13,SP,phobius,6.3022222222222215,0.7877777777777777,7
YDR542W,0.001318,0.998667,4,15,SP,phobius,9.386666666666667,0.7822222222222223,11
YGL012W,0.999947,5.9e-5,40,60,TM,phobius,17.196666666666662,0.8188888888888887,20
YML028W,1,2e-6,34,55,TM,phobius,17.942222222222224,0.8155555555555556,21
YBR070C,1,0,6,28,TM,phobius,18.859999999999996,0.8199999999999998,22
YDR169C-A,1,0,23,30,SP,phobius,6.328888888888888,0.791111111111111,7
YIL075C,1,1e-6,3,13,SP,phobius,8.506666666666666,0.7733333333333332,10
YKL224C,0.001667,0.99830700000000006,4,15,SP,phobius,9.386666666666667,0.7822222222222223,11
YOR045W,1,1.9e-5,31,49,TM,phobius,15.706666666666667,0.8266666666666667,18
YDR331W,3.34e-4,0.999659,7,17,SP,phobius,9.313333333333333,0.8466666666666666,10
YBR286W,0.991002,0.009007,8,16,SP,phobius,7.01,0.7788888888888889,8
YAL059W,1,6e-6,9,17,SP,phobius,7.4,0.8222222222222223,8
YIL134C-A,1,0,13,30,TM,phobius,14.879999999999997,0.8266666666666665,17
YDR126W,1,0,5,19,SP,phobius,12.733333333333334,0.8488888888888889,14
YJL174W,3.07e-4,0.999674,8,16,SP,phobius,7.71,0.8566666666666667,8
YLL053C,1,0,6,26,TM,phobius,16.473333333333333,0.7844444444444444,20
