Accession Number ,Systematic Name,Gene Name,Class,Previously validated pathway substrate1,GPI anchored protein2,Bearing Signal Sequence3,Tail Anchored Protein,Predicted number of TMs4,Start of hydrophobic segment (aa),End of hydrophobic segment (aa),Length of hydrophobic segment,Maximum Hydropathy (window 9)5,Compound Score (window 9),Maximum Hydropathy (window 11)5,Compound Score (window 11),Maximum Hydropathy (window 19)5,Compound Score (window 19),Notes6
NP_076895,YJL052C-A,0,SRP Indep,,,YES,,0,7,14,8,35 0.93,7.44,14 0.62,4.96,18 0.03,0.24,
NP_014161,YNL238W,KEX2,SRP Indep,,,YES,,1,7,15,9,11 1.52,13.68,16 1.19,10.71,12 0.83,7.47,
NP_878065,YDR246W-A,0,SRP Indep,,,YES,,0,7,14,8,12 1.73,13.84,13 1.32,10.56,17 0.73,5.84,
NP_015135,YPL189W,GUP2,SRP Indep,,,YES,,10,6,14,9,10 1.60,14.4,11 1.62,14.58,10 1.17,10.53,
NP_013221,YLR120C,YPS1,SRP Indep,,YES,YES,,0,8,16,9,12 1.76,15.84,15 1.68,15.12,18 1.42,12.78,
NP_014035,YMR305C,SCW10,SRP Indep,,,YES,,0,6,13,8,10 2.00,16,12 1.85,14.8,13 1.30,10.4,
NP_009845,YBR286W,APE3,SRP Indep,,,YES,,0,8,16,9,12 1.78,16.02,13 1.48,13.32,16 1.01,9.09,
NP_012143,YIL123W,SIM1,SRP Indep,,,YES,,0,3,11,9,13 1.79,16.11,15 1.96,17.64,12 1.36,12.24,
NP_878150,YMR315W-A,0,SRP Indep,,,YES,,0,13,20,8,19 2.02,16.16,18 1.76,14.08,14 0.96,7.68,
NP_015453,YPR128C,ANT1,SRP Indep,,,YES,,1,2,12,11,15 1.50,16.5,16 1.77,19.47,15 1.27,13.97,
NP_010854,YEL060C,PRB1,SRP Indep,,,YES,,0,6,13,8,18 2.07,16.56,17 2.20,17.6,16 1.69,13.52,
NP_014833,YOR190W,SPR1,SRP Indep,,,YES,,0,7,15,9,14 1.88,16.92,13 1.41,12.69,10 1.00,9,
NP_011795,YGR279C,SCW4,SRP Indep,,,YES,,0,6,14,9,10 1.90,17.1,11 1.88,16.92,12 1.33,11.97,
NP_014645,YOR003W,YSP3,SRP Indep,,,YES,,0,3,12,10,7 1.71,17.1,14 1.58,15.8,12 1.49,14.9,
NP_012938,YKR013W,PRY2,SRP Indep,,,YES,,0,6,13,8,19 2.16,17.28,20 2.08,16.64,17 1.77,14.16,
NP_009434,YAR071W,PHO11,SRP Indep,,,YES,,0,4,12,9,13 1.93,17.37,10 2.09,18.81,14 1.39,12.51,
NP_009651,YBR093C,PHO5,SRP Indep,,,YES,,0,4,12,9,8 1.93,17.37,10 2.09,18.81,14 1.39,12.51,
NP_012087,YHR215W,PHO12,SRP Indep,,,YES,,0,4,12,9,13 1.93,17.37,10 2.09,18.81,14 1.39,12.51,
NP_013719,YMR006C,PLB2,SRP Indep,,YES,YES,,0,6,14,9,16 1.94,17.46,11 1.45,13.05,15 0.87,7.83,
NP_012757,YKL164C,PIR1,SRP Indep,,,YES,,0,6,13,8,11 2.21,17.68,12 2.08,16.64,15 0.91,7.28,
NP_012758,YKL163W,PIR3,SRP Indep,,,YES,,0,7,14,8,11 2.21,17.68,12 2.08,16.64,52 1.04,8.32,
NP_009634,YBR078W,ECM33,SRP Indep,,YES,YES,,0,6,14,9,15 1.97,17.73,14 1.71,15.39,15 1.04,9.36,
NP_014026,YMR297W,PRC1,SRP Indep,SRP Indep,,YES,,0,3,13,11,7 1.62,17.82,8 1.64,18.04,12 1.25,13.75,
NP_012097,YIL169C,0,SRP Indep,,,YES,,0,8,16,9,12 1.99,17.91,13 1.44,12.96,47 0.71,6.39,
NP_013927,YMR200W,ROT1,SRP Indep,,YES,YES,,1,11,19,9,15 2.04,18.36,13 1.15,10.35,15 0.66,5.94,
NP_014038,YMR307W,GAS1,SRP Indep,SRP Indep,YES,YES,,0,9,17,9,16 2.04,18.36,14 1.95,17.55,22 1.29,11.61,
NP_012417,YJL118W,0,SRP Indep,,,YES,,0,2,10,9,11 2.06,18.54,11 1.99,17.91,10 1.45,13.05,
NP_013781,YMR065W,KAR5,SRP Indep,,,YES,,0,7,14,8,13 2.33,18.64,12 2.17,17.36,16 1.16,9.28,
NP_014612,YOL030W,GAS5,SRP Indep,,YES,YES,,0,6,14,9,13 2.09,18.81,11 1.75,15.75,10 1.24,11.16,
NP_014333,YNL066W,SUN4,SRP Indep,,,YES,,0,3,14,12,23 1.58,18.96,18 1.69,20.28,14 1.31,15.72,
NP_012968,YKR042W,UTH1,SRP Indep,,,YES,,0,3,11,9,7 2.11,18.99,11 2.05,18.45,12 1.86,16.74,
NP_009348,YAL053W,FLC2,SRP Indep,,,YES,,9,10,18,9,14 2.13,19.17,12 1.71,15.39,10 1.44,12.96,
NP_013403,YLR300W,EXG1,SRP Indep,,,YES,,0,6,14,9,15 2.14,19.26,12 1.92,17.28,10 1.62,14.58,
NP_012456,YJL079C,PRY1,SRP Indep,,,YES,,0,6,14,9,22 2.17,19.53,39 1.92,17.28,17 1.79,16.11,
NP_010915,YEL001C,IRC22,SRP Indep,,,YES,,1,6,16,11,9 1.78,19.58,10 1.96,21.56,13 1.61,17.71,
NP_015027,YOR382W,FIT2,SRP Indep,,YES,YES,,0,3,13,11,16 1.78,19.58,16 1.77,19.47,15 1.58,17.38,
NP_009650,YBR092C,PHO3,SRP Indep,,,YES,,0,4,12,9,9 2.19,19.71,10 2.52,22.68,14 1.64,14.76,
NP_014488,YOL154W,ZPS1,SRP Indep,,,YES,,0,8,15,8,13 2.47,19.76,14 2.53,20.24,15 1.35,10.8,
NP_010392,YDR107C,TMN2,SRP Indep,,,YES,,9,4,15,12,9 1.68,20.16,10 1.65,19.8,13 0.89,10.68,
NP_014931,YOR288C,MPD1,SRP Indep,,,YES,,0,9,16,8,10 2.52,20.16,11 2.65,21.2,10 1.85,14.8,
NP_013049,YLL051C,FRE6,SRP Indep,,,YES,,7,4,12,9,8 2.24,20.16,9 2.11,18.99,13 1.27,11.43,
NP_013351,YLR250W,SSP120,SRP Indep,,,YES,,0,7,15,9,11 2.28,20.52,8 1.74,15.66,15 1.17,10.53,
NP_001032573,YCL048W-A,0,SRP Indep,,,YES,,1,6,13,8,10 2.57,20.56,11 2.67,21.36,15 1.44,11.52,
NP_011487,YGL028C,SCW11,SRP Indep,,,YES,,0,5,15,11,9 1.87,20.57,57 2.20,24.2,14 1.55,17.05,
NP_013185,YLR084C,RAX2,SRP Indep,,,YES,,1,6,15,10,13 2.07,20.7,12 1.55,15.5,10 0.91,9.1,
NP_009903,YCL027W,FUS1,SRP Indep,,,YES,,1,8,19,12,15 1.73,20.76,43 1.35,16.2,10 1.24,14.88,
NP_010708,YDR420W,HKR1,SRP Indep,,,YES,,1,9,16,8,13 2.60,20.8,14 2.70,21.6,10 1.66,13.28,
NP_015010,YOR365C,0,SRP Indep,,,YES,,7,12,19,8,15 2.63,21.04,14 2.43,19.44,10 1.98,15.84,
NP_010362,YDR077W,SED1,SRP Indep,,YES,YES,,0,3,13,11,9 1.92,21.12,8 1.85,20.35,12 1.17,12.87,
NP_014079,YNL320W,0,SRP Indep,,,YES,,2,9,17,9,12 2.37,21.33,14 2.05,18.45,14 1.49,13.41,
NP_014487,YOL155C,HPF1,SRP Indep,,YES,YES,,0,8,16,9,12 2.37,21.33,13 1.75,15.75,14 0.82,7.38,
NP_011537,YGR023W,MTL1,SRP Indep,,,YES,,1,21,31,11,25 1.94,21.34,26 1.79,19.69,30 1.43,15.73,
NP_009974,YCR045C,RRT12,SRP Indep,,,YES,,0,5,12,8,10 2.68,21.44,10 2.40,19.2,15 1.28,10.24,
NP_013576,YML130C,ERO1,SRP Indep,,,YES,,0,5,15,11,11 1.96,21.56,10 1.70,18.7,10 0.79,8.69,
NP_011798,YGR282C,BGL2,SRP Indep,,,YES,,0,7,18,12,11 1.80,21.6,11 1.66,19.92,16 1.32,15.84,
NP_013411,YLR308W,CDA2,SRP Indep,,,YES,,0,10,20,11,16 2.02,22.22,18 1.93,21.23,14 1.19,13.09,
NP_878067,YDR524C-B,0,SRP Indep,,,YES,,1,5,13,9,10 2.47,22.23,11 2.56,23.04,57 2.08,49.92,(19) 42-65
NP_013256,YLR155C,ASP3-1,SRP Indep,,,YES,,0,6,13,8,11 2.79,22.32,11 2.15,17.2,15 1.62,12.96,
NP_013942,YMR215W,GAS3,SRP Indep,,YES,YES,,0,7,15,9,11 2.49,22.41,11 1.82,16.38,16 1.84,16.56,
NP_011312,YGL203C,KEX1,SRP Indep,,,YES,,1,6,17,12,15 1.87,22.44,16 1.84,22.08,16 1.19,14.28,
NP_009937,YCR011C,ADP1,SRP Indep,,,YES,,8,12,20,9,20 2.50,22.5,20 2.46,22.14,16 1.77,15.93,
NP_012357,YJL178C,ATG27,SRP Indep,,,YES,,1,6,14,9,13 2.53,22.77,12 2.53,22.77,11 1.46,13.14,
NP_015162,YPL163C,SVS1,SRP Indep,,,YES,,0,5,13,9,9 2.54,22.86,7 2.45,22.05,11 1.65,14.85,
NP_010013,YCR089W,FIG2,SRP Indep,,YES,YES,,0,4,14,11,13 2.08,22.88,12 2.01,22.11,16 1.29,14.19,
NP_013141,YLR040C,0,SRP Indep,,YES,YES,,0,13,20,8,17 2.87,22.96,15 2.15,17.2,11 1.91,15.28,
NP_015352,YPR027C,0,SRP Indep,,,YES,,2,7,15,9,15 2.56,23.04,16 2.51,22.59,10 1.93,17.37,
NP_878144,YMR182W-A,0,SRP Indep,,,YES,,1,5,15,11,14 2.11,23.21,17 1.78,19.58,18 1.56,17.16,
NP_010341,YDR056C,0,SRP Indep,,,YES,,0,5,12,8,12 2.91,23.28,13 2.59,20.72,14 1.93,15.44,
NP_011513,YGL002W,ERP6,SRP Indep,,,YES,,2,6,13,8,9 2.91,23.28,10 2.49,19.92,15 1.68,13.44,
NP_012376,YJL159W,HSP150,SRP Indep,,,YES,,0,7,18,12,10 1.94,23.28,12 1.87,22.44,15 0.95,11.4,
NP_010507,YDR221W,GTB1,SRP Indep,,,YES,,0,5,12,8,8 2.93,23.44,7 2.71,21.68,10 1.69,13.52,
NP_012072,YHR202W,0,SRP Indep,,,YES,,0,5,13,9,13 2.62,23.58,13 2.35,21.15,10 1.74,15.66,
NP_014465,YNR067C,DSE4,SRP Indep,,,YES,,0,3,11,9,7 2.62,23.58,9 2.36,21.24,14 1.71,15.39,
NP_878135,YLR406C-A,0,SRP Indep,,,YES,,1,6,14,9,10 2.63,23.67,11 2.45,22.05,14 1.62,14.58,
NP_116699,YFR041C,ERJ5,SRP Indep,,,YES,,2,8,15,8,13 2.96,23.68,13 2.51,20.08,17 1.57,12.56,
NP_014425,YNR028W,CPR8,SRP Indep,,,YES,,2,4,14,11,8 2.16,23.76,9 2.19,24.09,13 1.86,20.46,
NP_014795,YOR152C,0,SRP Indep,,,YES,,2,4,12,9,8 2.64,23.76,14 2.31,20.79,10 1.91,17.19,
NP_009788,YBR229C,ROT2,SRP Indep,,,YES,,0,6,17,12,11 1.99,23.88,12 2.05,24.6,10 1.44,17.28,
NP_009343,YAL058W,CNE1,SRP Indep,,,YES,,1,7,17,11,13 2.18,23.98,12 2.05,22.55,19 1.33,14.63,
NP_878053,YBR200W-A,0,SRP Indep,,,YES,,0,24,34,11,32 2.19,24.09,31 1.80,19.8,10 0.88,9.68,
NP_014099,YNL300W,TOS6,SRP Indep,,YES,YES,,1,3,13,11,12 2.20,24.2,11 2.07,22.77,12 1.06,11.66,
NP_014209,YNL190W,0,SRP Indep,,YES,YES,,0,4,15,12,10 2.02,24.24,13 1.98,23.76,10 1.25,15,
NP_014611,YOL031C,SIL1,SRP Indep,,,YES,,0,4,12,9,8 2.70,24.3,7 2.18,19.62,13 1.86,16.74,
NP_011255,YGL259W,YPS5,SRP Indep,,,YES,,0,3,13,11,7 2.23,24.53,8 2.10,23.1,12 1.86,20.46,
NP_878148,YMR247W-A,0,SRP Indep,,,YES,,0,10,19,10,14 2.47,24.7,15 1.95,19.5,19 1.18,11.8,
NP_009881,YCL049C,0,SRP Indep,,,YES,,0,6,17,12,16 2.06,24.72,11 2.17,26.04,21 1.64,19.68,
NP_014077,YNL322C,KRE1,SRP Indep,,,YES,,3,6,17,12,15 2.06,24.72,14 1.86,22.32,19 1.95,23.4,
NP_011705,YGR189C,CRH1,SRP Indep,,YES,YES,,0,6,17,12,7 2.07,24.84,11 1.99,23.88,12 1.65,19.8,
NP_013101,YLR001C,0,SRP Indep,,,YES,,1,10,20,11,15 2.26,24.86,16 2.13,23.43,16 1.47,16.17,
NP_878141,YMR030W-A,0,SRP Indep,,,,,1,59,76,18,67 2.26,24.86,67 2.17,23.87,76 1.66,18.26,
NP_011488,YGL027C,CWH41,SRP Indep,,,YES,,0,12,20,9,18 2.77,24.93,17 2.44,21.96,17 1.65,14.85,
NP_010807,YDR519W,FPR2,SRP Indep,,,YES,,0,5,16,12,11 2.08,24.96,12 2.21,26.52,11 1.65,19.8,
NP_010342,YDR057W,YOS9,SRP Indep,,,YES,,0,8,18,11,12 2.27,24.97,10 2.15,23.65,14 1.89,20.79,
NP_012377,YJL158C,CIS3,SRP Indep,,,YES,,0,6,16,11,10 2.27,24.97,11 2.13,23.43,12 1.19,13.09,
NP_009569,YBR013C,0,SRP Indep,,,YES,,0,8,16,9,12 2.79,25.11,13 2.17,19.53,13 1.54,13.86,
NP_011978,YHR110W,ERP5,SRP Indep,,,YES,,2,5,15,11,12 2.29,25.19,10 2.44,26.84,14 1.63,17.93,
NP_011461,YGL054C,ERV14,SRP Indep,,,YES,,3,3,10,8,8 3.16,25.28,10 2.80,22.4,10 1.89,15.12,
NP_878063,YDR182W-A,0,SRP Indep,,,YES,,1,19,30,12,28 2.11,25.32,60 1.84,22.08,35 1.32,15.84,
NP_012288,YIR022W,SEC11,SRP Indep,,,YES,,0,10,20,11,41 2.31,25.41,15 1.91,21.01,36 1.43,15.73,
NP_015195,YPL130W,SPO19,SRP Indep,,YES,YES,,1,5,15,11,9 2.31,25.41,10 2.28,25.08,14 1.13,12.43,
NP_011077,YER150W,SPI1,SRP Indep,,YES,YES,,0,7,18,12,11 2.12,25.44,16 1.91,22.92,16 1.35,16.2,
NP_013314,YLR213C,CRR1,SRP Indep,,,YES,,0,4,15,12,9 2.13,25.56,8 2.08,24.96,10 1.66,19.92,
NP_013495,YLR390W-A,CCW14,SRP Indep,,YES,YES,,0,6,17,12,10 2.13,25.56,11 2.44,29.28,12 1.42,17.04,
NP_009720,YBR162C,TOS1,SRP Indep,,,YES,,0,8,18,11,14 2.33,25.63,16 2.22,24.42,14 1.71,18.81,
NP_010636,YDR349C,YPS7,SRP Indep,,,YES,,0,3,13,11,8 2.34,25.74,7 1.90,20.9,13 1.31,14.41,
NP_013211,YLR110C,CCW12,SRP Indep,,YES,YES,,0,3,13,11,10 2.34,25.74,11 2.46,27.06,18 1.64,18.04,
NP_014116,YNL283C,WSC2,SRP Indep,,,YES,,1,10,18,9,14 2.88,25.92,15 2.11,18.99,14 1.63,14.67,
NP_011994,YHR126C,ANS1,SRP Indep,,YES,YES,,0,3,13,11,13 2.36,25.96,13 2.03,22.33,13 1.48,16.28,
NP_011315,YGL200C,EMP24,SRP Indep,,,YES,,2,8,16,9,12 2.89,26.01,13 2.45,22.05,17 1.66,14.94,
NP_012687,YJR153W,PGU1,SRP Indep,,,YES,,0,7,18,12,11 2.17,26.04,12 2.35,28.2,10 1.58,18.96,
NP_010871,YEL043W,0,SRP Indep,,,YES,,0,3,13,11,9 2.38,26.18,8 2.25,24.75,10 1.33,14.63,
NP_014857,YOR214C,0,SRP Indep,,YES,YES,,0,4,15,12,12 2.19,26.28,14 2.18,26.16,10 1.79,21.48,
NP_009995,YCR069W,CPR4,SRP Indep,,,YES,,0,6,16,11,10 2.40,26.4,11 2.35,25.85,12 1.37,15.07,
NP_878079,YGR146C-A,0,SRP Indep,,,YES,,1,9,20,12,49 2.21,26.52,46 1.64,19.68,42 1.18,14.16,
NP_012305,YIR039C,YPS6,SRP Indep,,YES,YES,,0,3,13,11,7 2.42,26.62,8 2.25,24.75,12 1.95,21.45,
NP_009402,YAR002C-A,ERP1,SRP Indep,,,YES,,2,3,14,12,13 2.22,26.64,11 2.34,28.08,11 1.72,20.64,
NP_010548,YDR262W,0,SRP Indep,,,YES,,0,7,18,12,12 2.22,26.64,14 2.15,25.8,10 1.84,22.08,
NP_012176,YIL090W,ICE2,SRP Indep,,,YES,,8,15,26,12,26 2.23,26.76,26 2.10,25.2,23 1.92,23.04,
NP_009746,YBR187W,GDT1,SRP Indep,,,YES,,5,8,18,11,14 2.44,26.84,15 2.33,25.63,17 1.56,17.16,
NP_012084,YAR066W,0,SRP Indep,,,YES,,0,8,18,11,14 2.44,26.84,13 1.94,21.34,14 0.89,9.79,
NP_010825,YDR536W,STL1,SRP Indep,,,,,11,27,44,18,51 1.50,27,36 1.45,26.1,39 0.85,15.3,
NP_878149,YMR272W-B,0,SRP Indep,,,YES,,0,3,13,11,8 2.46,27.06,8 1.86,20.46,10 1.10,12.1,
NP_009887,YCL043C,PDI1,SRP Indep,SRP Indep,,YES,,0,6,17,12,18 2.27,27.24,12 1.79,21.48,12 1.50,18,
NP_014072,YNL327W,EGT2,SRP Indep,,YES,YES,,0,4,15,12,8 2.27,27.24,13 2.26,27.12,13 1.82,21.84,
NP_011835,YHL028W,WSC4,SRP Indep,,,YES,,1,10,21,12,16 2.28,27.36,15 2.17,26.04,15 1.66,19.92,
NP_015028,YOR383C,FIT3,SRP Indep,,YES,YES,,0,3,13,11,10 2.49,27.39,12 2.32,25.52,12 1.61,17.71,
NP_011969,YHR101C,BIG1,SRP Indep,,,YES,,1,3,14,12,8 2.29,27.48,13 2.02,24.24,10 1.15,13.8,
NP_014442,YNR044W,AGA1,SRP Indep,,YES,YES,,0,8,19,12,15 2.30,27.6,19 2.11,25.32,14 1.55,18.6,
NP_013436,YLR332W,MID2,SRP Indep,,,YES,,1,12,20,9,16 3.08,27.72,18 2.45,22.05,21 1.62,14.58,
NP_012930,YKR005C,0,SRP Indep,,,YES,,1,4,13,10,9 2.78,27.8,9 2.28,22.8,14 2.02,20.2,
NP_011528,YGR014W,MSB2,SRP Indep,,,YES,,1,5,16,12,10 2.32,27.84,10 2.08,24.96,10 1.42,17.04,
NP_015029,YOR384W,FRE5,SRP Indep,,,YES,,6,6,14,9,10 3.10,27.9,6 2.67,24.03,10 1.92,17.28,
NP_009769,YBR210W,ERV15,SRP Indep,,,YES,,3,4,15,12,10 2.33,27.96,10 2.22,26.64,59 1.50,43.5,(19)55-83
NP_013295,YLR194C,0,SRP Indep,,YES,YES,,0,3,14,12,10 2.34,28.08,11 2.25,27,10 0.98,11.76,
NP_014636,YOL007C,CSI2,SRP Indep,,,YES,,1,11,20,10,15 2.81,28.1,16 2.33,23.3,20 1.69,16.9,
NP_012364,YJL171C,0,SRP Indep,,,YES,,0,4,14,11,9 2.56,28.16,9 2.36,25.96,10 1.69,18.59,
NP_010237,YDL046W,NPC2,SRP Indep,,,YES,,1,7,17,11,11 2.57,28.27,14 2.24,24.64,17 2.06,22.66,
NP_013965,YMR238W,DFG5,SRP Indep,,YES,YES,,1,10,21,12,14 2.36,28.32,15 2.11,25.32,11 1.68,20.16,
NP_011620,YGR106C,VOA1,SRP Indep,,,YES,,1,6,17,12,10 2.37,28.44,13 2.14,25.68,10 1.59,19.08,
NP_012261,YIL005W,EPS1,SRP Indep,,,YES,,1,8,19,12,12 2.37,28.44,13 2.13,25.56,17 1.96,23.52,
NP_013674,YML038C,YMD8,SRP Indep,,,YES,,9,5,16,12,8 2.37,28.44,10 2.05,24.6,13 1.86,22.32,
NP_014386,YNL012W,SPO1,SRP Indep,,,YES,,0,4,12,9,8 3.16,28.44,10 2.94,26.46,14 2.15,19.35,
NP_010806,YDR518W,EUG1,SRP Indep,,,YES,,0,7,18,12,14 2.38,28.56,12 2.37,28.44,14 1.56,18.72,
NP_010823,YDR534C,FIT1,SRP Indep,,YES,YES,,0,3,14,12,10 2.40,28.8,12 2.47,29.64,12 1.63,19.56,
NP_014673,YOR030W,DFG16,SRP Indep,,,,,6,6,23,18,17 1.61,28.98,15 1.98,35.64,11 1.43,25.74,
NP_009332,YAL068C,PAU8,SRP Indep,,,YES,,0,4,15,12,11 2.42,29.04,12 2.08,24.96,16 1.54,18.48,
NP_009412,YAR020C,PAU7,SRP Indep,,,YES,,1,4,15,12,11 2.42,29.04,12 2.11,25.32,13 1.68,20.16,
NP_009860,YBR301W,PAU24,SRP Indep,,,YES,,0,4,15,12,14 2.42,29.04,16 2.08,24.96,20 1.54,18.48,
NP_010029,YCR104W,PAU3,SRP Indep,,,YES,,1,4,15,12,11 2.42,29.04,16 2.31,27.72,10 1.79,21.48,
NP_010428,YDR144C,MKC7,SRP Indep,,YES,YES,,0,3,14,12,12 2.42,29.04,10 2.60,31.2,12 1.88,22.56,
NP_010831,YDR542W,PAU10,SRP Indep,,,YES,,0,4,15,12,11 2.42,29.04,12 2.08,24.96,16 1.54,18.48,
NP_010865,YEL049W,PAU2,SRP Indep,,,YES,,0,4,15,12,11 2.42,29.04,13 2.08,24.96,17 1.54,18.48,
NP_011253,YGL261C,PAU11,SRP Indep,,,YES,,0,4,15,12,11 2.42,29.04,12 2.08,24.96,16 1.53,18.36,
NP_011810,YGR294W,PAU12,SRP Indep,,,YES,,0,4,15,12,13 2.42,29.04,15 2.08,24.96,19 1.54,18.48,
NP_011817,YHL046C,PAU13,SRP Indep,,,YES,,0,4,15,12,11 2.42,29.04,12 2.08,24.96,16 1.54,18.48,
NP_012093,YIL176C,PAU14,SRP Indep,,,YES,,0,4,15,12,11 2.42,29.04,12 2.08,24.96,16 1.54,18.48,
NP_012307,YIR041W,PAU15,SRP Indep,,,YES,,0,4,15,12,11 2.42,29.04,16 2.28,27.36,10 1.77,21.24,
NP_012312,YJL223C,PAU1,SRP Indep,,,YES,,0,4,15,12,11 2.42,29.04,12 2.08,24.96,16 1.54,18.48,
NP_012698,YKL224C,PAU16,SRP Indep,,,YES,,0,4,15,12,11 2.42,29.04,16 2.28,27.36,10 1.77,21.24,
NP_013075,YLL025W,PAU17,SRP Indep,,,YES,,0,4,15,12,11 2.42,29.04,16 2.28,27.36,10 1.77,21.24,
NP_013566,YLR461W,PAU4,SRP Indep,,,YES,,0,4,15,12,11 2.42,29.04,12 2.08,24.96,16 1.57,18.84,
NP_014058,YMR325W,PAU19,SRP Indep,,,YES,,0,4,15,12,11 2.42,29.04,16 2.28,27.36,10 1.77,21.24,
NP_014474,YLL064C,PAU18,SRP Indep,,,YES,,0,4,15,12,11 2.42,29.04,12 2.08,24.96,16 1.54,18.48,
NP_014481,YOL161C,PAU20,SRP Indep,,,YES,,0,4,15,12,11 2.42,29.04,12 2.11,25.32,16 1.55,18.6,
NP_116633,YFL020C,PAU5,SRP Indep,,,YES,,0,4,15,12,12 2.42,29.04,14 2.08,24.96,18 1.54,18.48,
NP_013721,YMR008C,PLB1,SRP Indep,,YES,YES,,0,6,17,12,10 2.43,29.16,11 2.26,27.12,14 0.95,11.4,
NP_010590,YDR304C,CPR5,SRP Indep,,,YES,,0,6,17,12,12 2.46,29.52,10 2.19,26.28,12 1.84,22.08,
NP_012126,YIL140W,AXL2,SRP Indep,,,YES,,1,6,17,12,18 2.46,29.52,17 2.11,25.32,13 1.99,23.88,
NP_011483,YGL032C,AGA2,SRP Indep,,,YES,,0,3,13,11,13 2.69,29.59,12 2.38,26.18,12 1.49,16.39,
NP_014473,YNR075W,COS10,SRP Indep,,,,,2,37,56,20,50 1.48,29.6,49 1.54,30.8,50 1.05,21,
NP_013869,YMR149W,SWP1,SRP Indep,,,YES,,2,7,18,12,14 2.47,29.64,12 2.35,28.2,12 1.86,22.32,
NP_010266,YDL018C,ERP3,SRP Indep,,,YES,,1,4,15,12,10 2.48,29.76,9 2.42,29.04,10 1.57,18.84,
NP_013971,YMR244W,0,SRP Indep,,,YES,,1,6,17,12,16 2.48,29.76,16 2.54,30.48,11 1.77,21.24,
NP_013315,YLR214W,FRE1,SRP Indep,,,YES,,7,6,16,11,10 2.71,29.81,11 2.64,29.04,16 1.72,18.92,
NP_012846,YKL077W,0,SRP Indep,,,YES,,1,6,17,12,10 2.49,29.88,11 2.31,27.72,14 0.86,10.32,
NP_116612,YFL041W,FET5,SRP Indep,,,YES,,0,2,13,12,14 2.49,29.88,12 2.10,25.2,10 1.59,19.08,
NP_012058,YHR188C,GPI16,SRP Indep,,,YES,,1,3,15,13,14 2.30,29.9,13 2.31,30.03,10 2.16,28.08,
NP_012251,YIL014W,MNT3,SRP Indep,,,YES,,1,15,25,11,19 2.72,29.92,20 2.41,26.51,19 1.96,21.56,
NP_013308,YLR207W,HRD3,SRP Indep,,,YES,,1,2,12,11,14 2.72,29.92,6 2.62,28.82,10 2.11,23.21,
NP_010340,YDR055W,PST1,SRP Indep,,YES,YES,,0,3,14,12,10 2.50,30,10 1.91,22.92,12 1.54,18.48,
NP_010999,YER076C,0,SRP Indep,,,YES,,0,7,18,12,14 2.50,30,13 2.35,28.2,16 1.32,15.84,
NP_013222,YLR121C,YPS3,SRP Indep,,YES,YES,,0,3,14,12,9 2.50,30,10 2.33,27.96,14 1.63,19.56,
NP_010927,YER011W,TIR1,SRP Indep,,YES,YES,,0,6,16,11,10 2.73,30.03,11 2.75,30.25,10 1.34,14.74,
NP_012361,YJL174W,KRE9,SRP Indep,,,YES,,1,8,16,9,12 3.34,30.06,13 2.92,26.28,17 2.40,21.6,
NP_014108,YNL291C,MID1,SRP Indep,,,YES,,0,4,15,12,10 2.51,30.12,6 1.97,23.64,10 1.47,17.64,
NP_011924,YHR057C,CPR2,SRP Indep,,,YES,,0,3,14,12,15 2.53,30.36,15 2.58,30.96,12 1.67,20.04,
NP_015137,YPL187W,MF(ALPHA)1,SRP Indep,SRP Indep,,YES,,0,3,14,12,10 2.53,30.36,14 2.00,24,13 1.61,19.32,
NP_012284,YIR019C,MUC1,SRP Indep,,YES,YES,,1,5,16,12,10 2.54,30.48,10 2.68,32.16,13 1.81,21.72,
NP_013184,YLR083C,EMP70,SRP Indep,,,YES,,10,6,17,12,14 2.54,30.48,15 2.40,28.8,19 1.67,20.04,
NP_014780,YOR137C,SIA1,SRP Indep,,,YES,,0,15,26,12,19 2.54,30.48,20 2.31,27.72,18 1.33,15.96,
NP_012607,YJR073C,OPI3,SRP Indep,,,,,0,23,40,18,27 1.70,30.6,30 1.65,29.7,32 1.39,25.02,
NP_015249,YPL076W,GPI2,SRP Indep,,,,,6,59,78,20,67 1.53,30.6,68 1.44,28.8,65 1.00,20,
NP_009424,YAR050W,FLO1,SRP Indep,,YES,YES,,1,9,19,11,14 2.79,30.69,13 2.71,29.81,17 1.80,19.8,
NP_012104,YIL162W,SUC2,SRP Indep,,,YES,,0,3,14,12,9 2.56,30.72,6 2.42,29.04,10 1.80,21.6,
NP_012827,YKL096W,CWP1,SRP Indep,,YES,YES,,0,4,15,12,10 2.56,30.72,14 2.43,29.16,12 1.64,19.68,
NP_013410,YLR307W,CDA1,SRP Indep,,,YES,,0,6,17,12,13 2.56,30.72,12 2.18,26.16,15 0.95,11.4,
NP_014365,YNL033W,0,SRP Indep,,,YES,,2,10,21,12,13 2.56,30.72,15 2.36,28.32,20 1.86,22.32,
NP_014379,YNL019C,0,SRP Indep,,,YES,,2,10,21,12,13 2.56,30.72,15 2.36,28.32,20 1.86,22.32,
NP_014239,YNL160W,YGP1,SRP Indep,,,YES,,0,3,14,12,9 2.57,30.84,8 2.04,24.48,13 1.69,20.28,
NP_116606,YFL048C,EMP47,SRP Indep,,,YES,,1,10,20,11,15 2.81,30.91,15 2.40,26.4,10 1.85,20.35,
NP_014589,YOL052C-A,DDR2,SRP Indep,,YES,YES,,0,6,17,12,10 2.58,30.96,11 2.42,29.04,52 2.05,24.6,
NP_015026,YOR381W,FRE3,SRP Indep,,,YES,,7,4,15,12,8 2.58,30.96,9 2.20,26.4,12 1.47,17.64,
NP_012537,YJR004C,SAG1,SRP Indep,,YES,YES,,1,3,14,12,11 2.59,31.08,12 2.63,31.56,11 2.06,24.72,
NP_878046,YBL008W-A,0,SRP Indep,,,YES,,0,6,19,14,18 2.22,31.08,13 1.91,26.74,15 1.32,18.48,
NP_014890,YOR247W,SRL1,SRP Indep,,,YES,,0,4,14,11,9 2.83,31.13,9 2.41,26.51,11 1.84,20.24,
NP_015238,YPL087W,YDC1,SRP Indep,,,,,7,39,57,19,50 1.64,31.16,48 1.49,28.31,40 0.64,12.16,
NP_014458,YNR060W,FRE4,SRP Indep,,,YES,,5,2,13,12,6 2.60,31.2,7 2.73,32.76,10 1.78,21.36,
NP_014653,YOR010C,TIR2,SRP Indep,,YES,YES,,0,6,16,11,10 2.84,31.24,11 2.84,31.24,10 1.67,18.37,
NP_015483,YPR157W,TDA6,SRP Indep,,,YES,,0,3,14,12,16 2.61,31.32,9 2.51,30.12,17 2.22,26.64,
NP_013978,YMR251W-A,HOR7,SRP Indep,,YES,YES,,0,3,14,12,55 2.63,31.56,54 2.70,32.4,50 1.80,21.6,
NP_014553,YOL088C,MPD2,SRP Indep,,,YES,,1,7,18,12,14 2.63,31.56,12 2.34,28.08,12 1.92,23.04,
NP_010044,YDL237W,AIM6,SRP Indep,,,YES,,1,2,12,11,14 2.87,31.57,13 2.63,28.93,13 1.99,21.89,
NP_010260,YDL024C,DIA3,SRP Indep,,,YES,,0,5,15,11,9 2.88,31.68,10 3.05,33.55,14 2.12,23.32,
NP_012095,YIL173W,VTH1,SRP Indep,,,YES,,1,6,16,11,12 2.88,31.68,11 2.86,31.46,10 2.04,22.44,
NP_012313,YJL222W,VTH2,SRP Indep,,,YES,,1,6,16,11,12 2.88,31.68,11 2.86,31.46,10 2.04,22.44,
NP_012457,YJL078C,PRY3,SRP Indep,,YES,YES,,1,4,14,11,12 2.88,31.68,11 2.69,29.59,10 1.44,15.84,
NP_012652,YJR118C,ILM1,SRP Indep,,,YES,,3,15,26,12,19 2.64,31.68,20 2.46,29.52,17 1.79,21.48,
NP_012826,YKL096W-A,CWP2,SRP Indep,,YES,YES,,0,4,15,12,10 2.64,31.68,14 2.34,28.08,17 1.70,20.4,
NP_009884,YCL045C,EMC1,SRP Indep,,,YES,,2,8,17,10,12 3.18,31.8,12 2.63,26.3,17 1.97,19.7,
NP_012685,YJR151C,DAN4,SRP Indep,,YES,YES,,1,4,14,11,10 2.91,32.01,9 2.72,29.92,13 2.07,22.77,
NP_010547,YDR261C,EXG2,SRP Indep,,,YES,,0,6,17,12,10 2.67,32.04,11 2.57,30.84,10 1.36,16.32,
NP_012878,YKL046C,DCW1,SRP Indep,,YES,YES,,1,6,16,11,10 2.92,32.12,11 2.49,27.39,15 1.46,16.06,
NP_012007,YHR139C,SPS100,SRP Indep,,,YES,,0,3,14,12,10 2.68,32.16,11 2.29,27.48,12 1.53,18.36,
NP_013181,YLR080W,EMP46,SRP Indep,,,,,2,28,45,18,37 1.79,32.22,39 1.97,35.46,39 1.15,20.7,
NP_013028,YKR102W,FLO10,SRP Indep,,YES,YES,,1,8,19,12,12 2.69,32.28,13 2.51,30.12,17 1.78,21.36,
NP_013138,YLR037C,PAU23,SRP Indep,,,YES,,1,4,15,12,11 2.69,32.28,12 2.33,27.96,10 1.90,22.8,
NP_009852,YBR293W,VBA2,SRP Indep,,,,,12,34,53,20,45 1.62,32.4,46 1.55,31,43 1.26,25.2,
NP_009623,YBR067C,TIP1,SRP Indep,,YES,YES,,0,7,18,12,10 2.71,32.52,11 2.49,29.88,10 1.88,22.56,
NP_012462,YJL073W,JEM1,SRP Indep,,,YES,,0,3,14,12,18 2.71,32.52,15 2.66,31.92,11 2.31,27.72,
NP_116613,YFL040W,0,SRP Indep,,,YES,,12,28,39,12,35 2.71,32.52,33 2.55,30.6,37 1.87,22.44,
NP_012885,YKL039W,PTM1,SRP Indep,,,YES,,7,10,21,12,20 2.73,32.76,19 2.22,26.64,15 1.45,17.4,
NP_012702,YKL220C,FRE2,SRP Indep,,,YES,,7,4,15,12,10 2.74,32.88,10 2.52,30.24,14 1.32,15.84,
NP_011426,YGL089C,MF(ALPHA)2,SRP Indep,,,YES,,0,3,14,12,11 2.76,33.12,12 2.56,30.72,12 1.76,21.12,
NP_012532,YJL002C,OST1,SRP Indep,,,YES,,1,6,17,12,13 2.76,33.12,14 2.32,27.84,13 1.58,18.96,
NP_010874,YEL040W,UTR2,SRP Indep,,YES,YES,,0,8,19,12,15 2.77,33.24,14 2.72,32.64,10 2.15,25.8,
NP_014652,YOR009W,TIR4,SRP Indep,,YES,YES,,0,6,17,12,12 2.77,33.24,11 2.61,31.32,15 1.28,15.36,
NP_014835,YOR192C,THI72,SRP Indep,,,,,10,48,72,25,52 1.33,33.25,57 1.40,35,60 0.89,22.25,
NP_011846,YHL017W,0,SRP Indep,,,YES,,7,4,15,12,10 2.78,33.36,13 2.35,28.2,10 1.17,14.04,
NP_013701,YML012W,ERV25,SRP Indep,,,YES,,1,4,15,12,14 2.78,33.36,13 2.55,30.6,12 1.86,22.32,
NP_012609,YJR075W,HOC1,SRP Indep,,,YES,,1,14,23,10,19 3.34,33.4,19 3.01,30.1,23 2.28,22.8,
NP_009697,YBR139W,0,SRP Indep,,,YES,,0,6,16,11,10 3.04,33.44,11 2.83,31.13,13 1.56,17.16,
NP_010703,YDR415C,0,SRP Indep,,,YES,,0,3,14,12,11 2.79,33.48,11 2.79,33.48,10 1.33,15.96,
NP_012497,YJL037W,IRC18,SRP Indep,,,YES,,1,10,21,12,18 2.80,33.6,16 2.56,30.72,18 1.96,23.52,
NP_014464,YNR066C,0,SRP Indep,,,YES,,0,3,16,14,6 2.40,33.6,11 2.09,29.26,10 2.08,29.12,
NP_014889,YOR246C,ENV9,SRP Indep,,,,,1,28,47,20,42 1.68,33.6,38 1.70,34,37 1.24,24.8,
NP_009571,YBR015C,MNN2,SRP Indep,,,YES,,1,13,23,11,19 3.06,33.66,21 3.29,36.19,19 2.14,23.54,
NP_013723,YMR010W,0,SRP Indep,,,,,8,51,72,22,60 1.53,33.66,14 1.15,25.3,60 0.91,20.02,
NP_012254,YIL011W,TIR3,SRP Indep,,YES,YES,,0,6,17,12,10 2.81,33.72,11 2.39,28.68,15 1.67,20.04,
NP_011946,YHR079C,IRE1,SRP Indep,,,YES,,1,9,19,11,13 3.07,33.77,13 2.94,32.34,17 2.27,24.97,
NP_013048,YLL052C,AQY2,SRP Indep,,,,,2,48,68,21,52 1.61,33.81,60 1.35,28.35,58 1.38,28.98,
NP_015518,YPR192W,AQY1,SRP Indep,,,,,6,49,69,21,53 1.61,33.81,58 1.25,26.25,59 1.38,28.98,
NP_009882,YCL048W,SPS22,SRP Indep,,YES,YES,,1,9,20,12,16 2.82,33.84,15 2.91,34.92,19 2.18,26.16,
NP_012987,YKR061W,KTR2,SRP Indep,,,YES,,1,14,25,12,20 2.82,33.84,19 3.00,36,24 2.11,25.32,
NP_014536,YOL105C,WSC3,SRP Indep,,,YES,,2,22,33,12,24 2.82,33.84,24 2.24,26.88,26 1.90,22.8,
NP_012684,YJR150C,DAN1,SRP Indep,,,YES,,1,4,14,11,10 3.08,33.88,9 2.85,31.35,13 2.13,23.43,
NP_015319,YPL006W,NCR1,SRP Indep,,,YES,,14,3,14,12,7 2.83,33.96,8 2.35,28.2,12 1.49,17.88,
NP_011019,YER093C-A,AIM11,SRP Indep,,,,,2,20,37,18,26 1.89,34.02,28 1.73,31.14,28 1.21,21.78,
NP_012403,YJL132W,0,SRP Indep,,,YES,,1,8,20,13,12 2.62,34.06,8 2.41,31.33,12 1.93,25.09,
NP_014742,YOR099W,KTR1,SRP Indep,,,YES,,1,17,27,11,23 3.10,34.1,22 2.85,31.35,22 1.84,20.24,
NP_015479,YPR153W,0,SRP Indep,,,,,3,47,67,21,55 1.63,34.23,56 1.44,30.24,54 1.18,24.78,
NP_014509,YOL132W,GAS4,SRP Indep,,YES,YES,,1,3,13,11,13 3.12,34.32,13 3.15,34.65,10 2.30,25.3,
NP_011815,YHL048W,COS8,SRP Indep,,,,,3,47,63,17,55 2.02,34.34,56 1.96,33.32,52 1.26,21.42,
NP_014360,YNL038W,GPI15,SRP Indep,,,,,2,59,78,20,35 1.72,34.4,34 1.05,21,60 0.84,16.8,
NP_116627,YFL026W,STE2,SRP Indep,,,,,7,52,72,21,53 1.64,34.44,57 1.27,26.67,60 1.57,32.97,
NP_014650,YOR008C,SLG1,SRP Indep,,,YES,,1,6,16,11,12 3.14,34.54,11 2.44,26.84,16 1.13,12.43,
NP_013158,YLR057W,MNL2,SRP Indep,,,YES,,1,17,28,12,20 2.88,34.56,22 3.05,36.6,23 1.83,21.96,
NP_010522,YDR236C,FMN1,SRP Indep,,,YES,,1,8,19,12,10 2.89,34.68,15 2.60,31.2,10 1.88,22.56,
NP_011945,YHR078W,0,SRP Indep,,,YES,,8,3,12,10,8 3.47,34.7,8 2.93,29.3,12 1.72,17.2,
NP_012343,YJL192C,SOP4,SRP Indep,,,YES,,0,5,15,11,9 3.16,34.76,10 2.85,31.35,10 1.78,19.58,
NP_010914,YEL002C,WBP1,SRP Indep,,,YES,,1,7,18,12,15 2.90,34.8,14 2.67,32.04,20 1.40,16.8,
NP_012021,YHR151C,MTC6,SRP Indep,,,YES,,1,3,14,12,6 2.91,34.92,6 2.47,29.64,12 1.67,20.04,
NP_010618,YDR331W,GPI8,SRP Indep,,,YES,,1,7,17,11,13 3.20,35.2,12 2.82,31.02,12 1.95,21.45,
NP_013876,YMR155W,0,SRP Indep,,,,,10,21,39,19,26 1.86,35.34,27 1.65,31.35,31 1.19,22.61,
NP_009536,YBL017C,PEP1,SRP Indep,,,YES,,1,3,16,14,14 2.53,35.42,11 2.32,32.48,10 1.99,27.86,
NP_010588,YDR302W,GPI11,SRP Indep,,,,,4,48,65,18,59 1.97,35.46,60 2.25,40.5,57 1.35,24.3,
NP_015446,YPR121W,THI22,SRP Indep,,,YES,,0,2,13,12,5 2.96,35.52,6 2.70,32.4,10 1.60,19.2,
NP_015396,YPR071W,0,SRP Indep,,,,,4,31,48,18,38 1.98,35.64,32 1.66,29.88,28 1.49,26.82,
NP_009592,YBR036C,CSG2,SRP Indep,,,,,8,53,71,19,12 1.88,35.72,11 1.80,34.2,60 1.47,27.93,
NP_013165,YLR064W,PER33,SRP Indep,,,,,5,25,43,19,32 1.88,35.72,34 1.63,30.97,37 1.24,23.56,
NP_012850,YKL073W,LHS1,SRP Indep,,,YES,,1,7,19,13,12 2.76,35.88,12 2.56,33.28,16 2.45,31.85,
NP_013338,YLR237W,THI7,SRP Indep,,,,,12,48,72,25,68 1.44,36,67 1.28,32,62 1.04,26,
NP_014714,YOR071C,NRT1,SRP Indep,,,,,10,48,72,25,68 1.44,36,67 1.28,32,63 1.02,25.5,
NP_015103,YPL221W,FLC1,SRP Indep,,,YES,,11,4,17,14,7 2.58,36.12,15 2.25,31.5,12 2.18,30.52,
NP_014632,YOL011W,PLB3,SRP Indep,,YES,YES,,0,10,22,13,13 2.78,36.14,19 2.12,27.56,14 1.71,22.23,
NP_014081,YNL318C,HXT14,SRP Indep,,,,,12,57,76,20,59 1.81,36.2,60 1.87,37.4,60 1.54,30.8,
NP_010231,YDL052C,SLC1,SRP Indep,,,YES,,1,14,25,12,18 3.02,36.24,19 2.48,29.76,23 2.24,26.88,
NP_014241,YNL158W,PGA1,SRP Indep,,,YES,,2,7,18,12,14 3.02,36.24,16 2.82,33.84,20 1.55,18.6,
NP_015171,YPL154C,PEP4,SRP Indep,,,YES,,0,6,17,12,11 3.02,36.24,11 2.56,30.72,15 1.64,19.68,
NP_014162,YNL237W,YTP1,SRP Indep,,,YES,,10,15,26,12,22 3.03,36.36,21 2.82,33.84,17 2.04,24.48,
NP_014728,YOR085W,OST3,SRP Indep,,,YES,,4,4,15,12,8 3.04,36.48,10 2.54,30.48,13 1.73,20.76,
NP_014094,YNL305C,BXI1,SRP Indep,,,,,7,54,73,20,42 1.83,36.6,59 1.39,27.8,59 0.94,18.8,
NP_012342,YJL193W,0,SRP Indep,,,,,8,12,29,18,17 2.04,36.72,20 2.26,40.68,24 1.48,26.64,
NP_013941,YMR214W,SCJ1,SRP Indep,,,YES,,1,5,16,12,17 3.06,36.72,14 3.02,36.24,11 2.09,25.08,
NP_011376,YGL139W,FLC3,SRP Indep,,,YES,,10,10,20,11,15 3.34,36.74,15 2.83,31.13,12 1.66,18.26,
NP_009533,YBL020W,RFT1,SRP Indep,,,,,12,21,40,20,35 1.84,36.8,40 2.14,42.8,31 1.45,29,
NP_013652,YML059C,NTE1,SRP Indep,,,,,3,51,70,20,66 1.84,36.8,64 1.44,28.8,62 1.16,23.2,
NP_012000,YHR132C,ECM14,SRP Indep,,,YES,,1,7,18,12,14 3.08,36.96,17 2.66,31.92,16 1.84,22.08,
NP_013447,YLR343W,GAS2,SRP Indep,,YES,YES,,1,9,19,11,15 3.38,37.18,14 3.09,33.99,16 1.61,17.71,
NP_012074,YHR204W,MNL1,SRP Indep,,,YES,,0,2,13,12,9 3.10,37.2,7 2.66,31.92,10 1.84,22.08,
NP_014534,YOL107W,0,SRP Indep,,,,,2,25,43,19,32 1.96,37.24,38 1.77,33.63,34 1.41,26.79,
NP_116576,YFL051C,0,SRP Indep,,,YES,,2,7,18,12,14 3.11,37.32,12 2.95,35.4,16 1.91,22.92,
NP_012012,YHR143W,DSE2,SRP Indep,,YES,YES,,0,5,16,12,15 3.12,37.44,13 2.49,29.88,12 1.62,19.44,
NP_013143,YLR042C,0,SRP Indep,,YES,YES,,0,9,20,12,18 3.12,37.44,17 2.57,30.84,18 2.06,24.72,
NP_009394,YAL008W,FUN14,SRP Indep,,,,,2,40,59,20,48 1.88,37.6,49 1.66,33.2,49 1.11,22.2,
NP_001032575,YDR119W-A,0,SRP Indep,,,,,1,40,60,21,48 1.81,38.01,45 1.44,30.24,52 1.16,24.36,
NP_013578,YML128C,MSC1,SRP Indep,,,YES,,0,6,17,12,18 3.17,38.04,17 2.68,32.16,13 2.01,24.12,
NP_010883,YEL031W,SPF1,SRP Indep,,,,,10,23,44,22,21 1.73,38.06,34 1.53,33.66,26 1.21,26.62,
NP_015439,YPR114W,0,SRP Indep,,,,,5,38,57,20,42 1.91,38.2,47 1.98,39.6,48 1.63,32.6,
NP_878158,YNL024C-A,KSH1,SRP Indep,,,YES,,0,10,21,12,14 3.19,38.28,14 2.58,30.96,10 1.72,20.64,
NP_009861,YBR302C,COS2,SRP Indep,,,,,4,47,65,19,55 2.02,38.38,56 1.96,37.24,52 1.26,23.94,
NP_010033,YDL248W,COS7,SRP Indep,,,,,4,47,65,19,55 2.02,38.38,56 1.96,37.24,52 1.26,23.94,
NP_014063,YNL336W,COS1,SRP Indep,,,,,4,47,65,19,55 2.02,38.38,56 1.96,37.24,52 1.26,23.94,
NP_009727,YBR168W,PEX32,SRP Indep,,,,,4,43,62,20,52 1.92,38.4,47 1.91,38.2,51 1.28,25.6,
NP_014818,YOR175C,ALE1,SRP Indep,,,,,7,47,66,20,56 1.92,38.4,58 2.01,40.2,60 1.85,37,
NP_009338,YAL063C,FLO9,SRP Indep,,YES,YES,,1,7,18,12,12 3.20,38.4,13 2.93,35.16,16 1.96,23.52,
NP_009413,YAR023C,0,SRP Indep,,,YES,,2,4,15,12,8 3.20,38.4,10 2.81,33.72,11 1.94,23.28,
NP_010234,YDL049C,KNH1,SRP Indep,,,YES,,0,4,15,12,6 3.20,38.4,6 2.84,34.08,10 1.94,23.28,
NP_010069,YDL212W,SHR3,SRP Indep,,,,,4,7,27,21,23 1.83,38.43,20 1.84,38.64,18 1.69,35.49,
NP_012249,YIL015W,BAR1,SRP Indep,,,YES,,1,7,19,13,15 2.97,38.61,14 2.42,31.46,16 1.90,24.7,
NP_011821,YHL042W,0,SRP Indep,,,YES,,1,24,35,12,34 3.23,38.76,32 3.05,36.6,33 1.66,19.92,
NP_010771,YDR483W,KRE2,SRP Indep,,,YES,,0,13,24,12,22 3.24,38.88,19 3.29,39.48,18 2.16,25.92,
NP_013388,YLR286C,CTS1,SRP Indep,,,YES,,0,3,16,14,7 2.78,38.92,11 2.67,37.38,12 1.82,25.48,
NP_009973,YCR044C,PER1,SRP Indep,,,YES,,6,3,14,12,7 3.26,39.12,10 2.51,30.12,12 1.81,21.72,
NP_014180,YNL219C,ALG9,SRP Indep,,,YES,,7,5,16,12,12 3.26,39.12,11 2.98,35.76,12 1.76,21.12,
NP_976246,YCL012C,0,SRP Indep,,,YES,,1,9,21,13,17 3.01,39.13,18 2.80,36.4,13 2.35,30.55,
NP_014966,YOR321W,PMT3,SRP Indep,,,,,10,51,70,20,59 1.96,39.2,60 1.79,35.8,60 1.64,32.8,
NP_009764,YBR205W,KTR3,SRP Indep,,,YES,,1,28,39,12,35 3.27,39.24,36 3.10,37.2,32 2.05,24.6,
NP_012065,YHR195W,NVJ1,SRP Indep,,,,,0,6,23,18,16 2.18,39.24,15 2.45,44.1,14 1.49,26.82,
NP_012406,YJL129C,TRK1,SRP Indep,,,,,8,52,72,21,49 1.88,39.48,51 1.50,31.5,60 1.71,35.91,
NP_013726,YMR013C,SEC59,SRP Indep,,,,,8,51,69,19,59 2.08,39.52,60 1.89,35.91,60 1.27,24.13,
NP_010580,YDR294C,DPL1,SRP Indep,,,,,0,28,47,20,32 1.99,39.8,38 1.44,28.8,38 0.93,18.6,
NP_014981,YOR336W,KRE5,SRP Indep,,,YES,,0,3,13,11,7 3.62,39.82,8 3.17,34.87,12 1.62,17.82,
NP_012743,YKL178C,STE3,SRP Indep,,,YES,,7,7,18,12,14 3.33,39.96,12 3.16,37.92,14 2.31,27.72,
NP_013774,YMR058W,FET3,SRP Dep,,,YES,,1,4,16,13,9 3.08,40.04,10 2.62,34.06,10 1.94,25.22,
NP_012006,YHR138C,0,SRP Dep,,,YES,,1,3,14,12,10 3.34,40.08,11 2.84,34.08,15 1.68,20.16,
NP_012650,YJR116W,TDA4,SRP Dep,,,,,5,36,54,19,49 2.11,40.09,41 1.96,37.24,45 2.04,38.76,
NP_116693,YFR035C,0,SRP Dep,,,,,2,58,76,19,62 2.12,40.28,64 2.10,39.9,75 1.62,30.78,
NP_013574,YML132W,COS3,SRP Dep,,,,,4,38,57,20,55 2.02,40.4,52 1.81,36.2,48 1.00,20,
NP_878103,YJL127C-B,0,SRP Dep,,,,,0,28,46,19,42 2.13,40.47,41 2.05,38.95,37 1.65,31.35,
NP_011373,YGL142C,GPI10,SRP Dep,,,,,9,17,36,20,20 2.03,40.6,22 2.30,46,26 1.50,30,
NP_012349,YJL186W,MNN5,SRP Dep,,,YES,,1,13,24,12,17 3.40,40.8,18 3.38,40.56,19 2.39,28.68,
NP_011908,YHR042W,NCP1,SRP Dep,,,YES,,0,10,22,13,20 3.14,40.82,17 3.16,41.08,13 1.57,20.41,
NP_015434,YPR109W,0,SRP Dep,,,,,2,31,48,18,39 2.27,40.86,40 2.13,38.34,39 1.08,19.44,
NP_011495,YGL020C,GET1,SRP Dep,,,YES,,0,3,14,12,10 3.42,41.04,9 3.13,37.56,10 1.62,19.44,
NP_012062,YHR192W,0,SRP Dep,,,,,2,54,73,20,60 2.06,41.2,59 1.96,39.2,55 0.89,17.8,
NP_010075,YDL206W,0,SRP Dep,,,,,12,6,25,20,43 2.17,41.23,16 2.25,45,17 1.73,34.6,(9) 34-52
NP_878110,YKL096C-B,0,SRP Dep,,,,,1,31,48,18,45 2.30,41.4,41 2.13,38.34,40 1.50,27,
NP_010995,YER072W,VTC1,SRP Dep,,,,,3,33,53,21,47 1.98,41.58,46 2.17,45.57,42 1.64,34.44,
NP_010912,YEL004W,YEA4,SRP Dep,,,YES,,6,33,54,22,41 1.91,42.02,41 1.85,40.7,16 1.24,11.16,(19) 4-12
NP_012473,YJL062W,LAS21,SRP Dep,,,YES,,9,8,19,12,18 3.51,42.12,19 3.29,39.48,23 2.15,25.8,
NP_009760,YBR201W,DER1,SRP Dep,,,,,4,16,35,20,25 2.11,42.2,9 1.76,35.2,17 1.47,29.4,
NP_011684,YGR168C,0,SRP Dep,,,,,5,35,54,20,23 2.11,42.2,40 1.54,30.8,45 1.37,27.4,
NP_012444,YJL091C,GWT1,SRP Dep,,,,,12,20,40,21,29 2.01,42.21,30 1.94,40.74,59 1.54,32.34,(19) 52-72
NP_014479,YOL163W,0,SRP Dep,,,,,3,25,45,21,38 2.01,42.21,37 1.57,32.97,34 1.41,29.61,
NP_014935,YOR292C,0,SRP Dep,,,,,5,53,72,20,59 2.12,42.4,58 2.08,41.6,59 1.32,26.4,
NP_116593,YFL062W,COS4,SRP Dep,,,,,4,43,63,21,55 2.02,42.42,56 1.96,41.16,52 1.26,26.46,
NP_015034,YOR389W,0,SRP Dep,,,YES,,1,8,19,12,16 3.54,42.48,17 3.12,37.44,17 1.89,22.68,
NP_014659,YOR016C,ERP4,SRP Dep,,,YES,,1,3,16,14,7 3.06,42.84,11 2.40,33.6,12 1.72,24.08,
NP_012225,YIL039W,TED1,SRP Dep,,,,,1,9,27,19,16 2.26,42.94,14 1.98,37.62,18 1.29,24.51,
NP_012496,YJL038C,LOH1,SRP Dep,,,,,2,6,22,17,13 2.53,43.01,11 2.45,41.65,13 1.49,25.33,
NP_014941,YOR298W,MUM3,SRP Dep,,,,,0,33,53,21,37 2.06,43.26,38 1.74,36.54,40 1.23,25.83,
NP_012970,YKR044W,UIP5,SRP Dep,,,YES,,2,10,22,13,18 3.33,43.29,17 3.06,39.78,20 2.40,31.2,
NP_116588,YFL067W,0,SRP Dep,,,YES,,2,4,16,13,8 3.34,43.42,9 3.08,40.04,13 2.38,30.94,
NP_011911,YHR045W,0,SRP Dep,,,YES,,1,4,15,12,13 3.62,43.44,14 3.27,39.24,15 2.37,28.44,
NP_011530,YGR016W,0,SRP Dep,,,,,4,56,76,21,60 2.07,43.47,60 1.22,25.62,59 0.98,20.58,
NP_013205,YLR104W,LCL2,SRP Dep,,,YES,,1,6,17,12,12 3.63,43.56,13 3.19,38.28,17 2.17,26.04,
NP_013151,YLR050C,0,SRP Dep,,,,,3,12,31,20,27 2.18,43.6,20 2.44,48.8,24 1.83,36.6,
NP_012547,YJR013W,GPI14,SRP Dep,,,,,8,7,25,19,11 2.30,43.7,19 2.15,40.85,15 1.86,35.34,
NP_014797,YOR154W,SLP1,SRP Dep,,,,,2,6,22,17,13 2.58,43.86,12 2.40,40.8,14 1.98,33.66,
NP_011038,YER113C,TMN3,SRP Dep,,,YES,,10,10,21,12,18 3.66,43.92,17 3.51,42.12,17 1.95,23.4,
NP_010274,YDL010W,GRX6,SRP Dep,,,YES,,1,12,23,12,21 3.67,44.04,21 3.10,37.2,20 2.12,25.44,
NP_009558,YBR004C,GPI18,SRP Dep,,,,,8,7,25,19,6 2.32,44.08,7 2.50,47.5,11 1.77,33.63,
NP_009873,YCL058C,FYV5,SRP Dep,,,,,2,26,44,19,30 2.32,44.08,31 2.08,39.52,35 1.72,32.68,
NP_013517,YLR413W,0,SRP Dep,,,YES,,4,5,20,16,9 2.77,44.32,10 2.55,40.8,14 2.38,38.08,
NP_009922,YCL005W,LDB16,SRP Dep,,,,,2,30,52,23,27 1.93,44.39,26 2.09,48.07,22 1.63,29.34,(19) 6-23
NP_011251,YGL263W,COS12,SRP Dep,,,,,2,47,63,17,55 2.62,44.54,55 2.23,37.91,54 1.16,19.72,
NP_009802,YBR243C,ALG7,SRP Dep,,,YES,,7,29,46,18,29 2.48,44.64,9 2.53,27.83,34 1.79,32.22,(11) 4-14
NP_014457,YNR059W,MNT4,SRP Dep,,,YES,,1,11,26,16,22 2.79,44.64,19 2.63,42.08,20 1.99,31.84,
NP_012241,YIL023C,YKE4,SRP Dep,,,,,5,47,63,17,14 2.63,44.71,13 1.96,33.32,13 1.18,20.06,
NP_014025,YMR296C,LCB1,SRP Dep,,,,,0,12,33,22,16 2.04,44.88,16 1.54,33.88,10 1.09,23.98,
NP_011673,YGR157W,CHO2,SRP Dep,,,,,8,56,76,21,65 2.15,45.15,66 2.42,50.82,66 1.58,33.18,
NP_013120,YLR020C,YEH2,SRP Dep,,,,,1,12,31,20,16 2.26,45.2,17 2.27,45.4,21 2.20,44,
NP_010744,YDR456W,NHX1,SRP Dep,,,YES,,8,59,81,23,9 1.97,45.31,10 2.30,52.9,10 1.20,27.6,
NP_011811,YGR295C,COS6,SRP Dep,,,,,4,43,63,21,51 2.16,45.36,52 2.03,42.63,52 1.39,29.19,
NP_009464,YBL089W,AVT5,SRP Dep,,,YES,,9,33,53,21,49 2.17,45.57,48 1.78,37.38,44 1.64,34.44,
NP_012438,YJL097W,PHS1,SRP Dep,,,,,6,51,69,19,29 2.28,45.6,57 1.90,36.1,60 1.61,30.59,(9) 12-31
NP_013607,YML101C,CUE4,SRP Dep,,,,,1,6,21,16,10 2.86,45.76,11 2.94,47.04,11 1.75,28,
NP_010249,YDL035C,GPR1,SRP Dep,,,,,6,57,78,22,56 2.08,45.76,60 1.90,41.8,60 1.62,35.64,
NP_010419,YDR135C,YCF1,SRP Dep,,,,,14,32,50,19,46 2.41,45.79,41 2.50,47.5,41 1.95,37.05,
NP_878133,YLR342W-A,0,SRP Dep,,,,,1,6,25,20,13 2.29,45.8,52 2.03,40.6,12 1.64,32.8,
NP_116600,YFL055W,AGP3,SRP Dep,,,,,12,60,79,20,64 2.30,46,63 2.21,44.2,67 1.78,35.6,
NP_012215,YIL049W,DFG10,SRP Dep,,,,,4,12,30,19,25 2.43,46.17,25 2.41,45.79,21 1.47,27.93,
NP_012081,YHR211W,FLO5,SRP Dep,,YES,YES,,1,7,19,13,12 3.56,46.28,13 3.42,44.46,16 2.41,31.33,
NP_010375,YDR090C,0,SRP Dep,,,,,6,40,59,20,45 2.32,46.4,46 2.27,45.4,50 2.04,40.8,
NP_012695,YJR161C,COS5,SRP Dep,,,,,4,43,63,21,51 2.21,46.41,52 2.07,43.47,52 1.42,29.82,
NP_013936,YMR209C,0,SRP Dep,,,YES,,1,10,21,12,13 3.87,46.44,14 3.27,39.24,11 2.30,27.6,
NP_013806,YMR088C,VBA1,SRP Dep,,,,,12,38,60,23,40 2.02,46.46,43 2.04,46.92,47 1.49,34.27,
NP_009943,YCR017C,CWH43,SRP Dep,,,,,19,12,31,20,22 2.33,46.6,20 2.15,43,17 1.98,39.6,
NP_013045,YLL055W,YCT1,SRP Dep,,,,,10,55,72,18,59 2.59,46.62,60 2.21,39.78,60 1.28,23.04,
NP_012890,YKL034W,TUL1,SRP Dep,,,YES,,8,8,19,12,12 3.90,46.8,13 3.79,45.48,10 2.07,24.84,
NP_013657,YML055W,SPC2,SRP Dep,,,,,2,41,59,19,55 2.47,46.93,54 2.59,49.21,50 1.63,30.97,
NP_009513,YBL040C,ERD2,SRP Dep,,,,,4,6,26,21,16 2.24,47.04,15 2.11,44.31,60 1.38,26.22,(19) 38-56
NP_014512,YOL129W,VPS68,SRP Dep,,,,,4,27,48,22,42 2.14,47.08,41 2.06,45.32,36 1.61,35.42,
NP_010036,YDL245C,HXT15,SRP Dep,,,,,12,54,73,20,59 2.36,47.2,59 2.23,44.6,60 1.00,20,
NP_012692,YJR158W,HXT16,SRP Dep,,,,,12,54,73,20,59 2.36,47.2,59 2.23,44.6,60 1.00,20,
NP_012677,YJR143C,PMT4,SRP Dep,,,,,11,52,69,18,60 2.63,47.34,59 2.33,41.94,59 1.06,19.08,
NP_010229,YDL054C,MCH1,SRP Dep,,,,,11,30,52,23,37 2.06,47.38,35 2.18,50.14,39 1.95,44.85,
NP_878107,YJR112W-A,0,SRP Dep,,,,,1,56,78,23,60 2.06,47.38,60 1.67,38.41,33 1.37,31.51,
NP_010155,YDL128W,VCX1,SRP Dep,,,,,11,40,56,17,48 2.79,47.43,47 2.88,48.96,43 1.88,31.96,
NP_061492,YER053C-A,0,SRP Dep,,,,,1,6,21,16,10 2.97,47.52,11 3.06,48.96,13 1.92,30.72,
NP_012396,YJL139C,YUR1,SRP Dep,,,,,1,6,25,20,13 2.38,47.6,11 2.18,43.6,16 2.00,40,
NP_013147,YLR046C,0,SRP Dep,,,,,6,40,60,21,42 2.27,47.67,53 2.31,48.51,49 2.16,45.36,
NP_013077,YLL023C,POM33,SRP Dep,,,,,5,34,52,19,45 2.51,47.69,47 2.70,51.3,43 1.64,31.16,
NP_015080,YPL244C,HUT1,SRP Dep,,,,,8,7,25,19,11 2.51,47.69,13 2.11,40.09,16 1.96,37.24,
NP_009863,YCL073C,GEX1,SRP Dep,,,,,12,58,75,18,64 2.65,47.7,65 2.36,42.48,69 1.60,28.8,
NP_013032,YKR106W,GEX2,SRP Dep,,,,,12,58,75,18,64 2.65,47.7,65 2.36,42.48,69 1.60,28.8,
NP_011267,YGL247W,BRR6,SRP Dep,,,,,2,50,72,23,55 2.08,47.84,58 1.88,43.24,59 1.76,40.48,
NP_010385,YDR100W,TVP15,SRP Dep,,,,,3,38,56,19,41 2.52,47.88,42 2.57,48.83,44 1.99,37.81,
NP_012330,YJL205C,NCE101,SRP Dep,,,,,1,12,29,18,20 2.66,47.88,21 1.98,35.64,16 1.37,24.66,
NP_013342,YLR241W,0,SRP Dep,,,,,11,37,55,19,51 2.52,47.88,50 2.73,51.87,46 2.17,41.23,
NP_010845,YEL069C,HXT13,SRP Dep,,,,,12,51,70,20,55 2.40,48,56 2.35,47,60 1.66,33.2,
NP_014470,YNR072W,HXT17,SRP Dep,,,,,12,51,70,20,55 2.40,48,56 2.35,47,60 1.66,33.2,
NP_009648,YBR090C,0,SRP Dep,,,,,1,12,29,18,18 2.67,48.06,19 2.69,48.42,16 1.46,26.28,
NP_010390,YDR105C,TMS1,SRP Dep,,,YES,,10,45,63,19,48 2.53,48.07,52 1.79,34.01,11 1.51,16.61,(19) 3-13
NP_010957,YER039C-A,0,SRP Dep,,,,,2,47,67,21,52 2.29,48.09,52 2.17,45.57,57 1.92,40.32,
NP_014710,YOR067C,ALG8,SRP Dep,,,,,12,44,63,20,55 2.41,48.2,54 2.31,46.2,51 1.21,24.2,
NP_014350,YNL048W,ALG11,SRP Dep,,,,,1,22,41,20,30 2.42,48.4,32 2.43,48.6,32 2.06,41.2,
NP_015035,YOR390W,0,SRP Dep,,,,,9,42,69,28,49 1.73,48.44,23 1.80,34.2,44 1.14,31.92,(11) 12-30
NP_015044,YPL279C,0,SRP Dep,,,,,9,42,69,28,49 1.73,48.44,23 1.80,34.2,44 1.14,31.92,(11) 12-30
NP_011904,YHR039C,MSC7,SRP Dep,,,,,1,46,66,21,50 2.31,48.51,58 2.41,50.61,56 2.01,42.21,
NP_116327,YBR058C-A,TSC3,SRP Dep,,,,,1,57,79,23,60 2.11,48.53,59 1.66,38.18,59 1.62,37.26,
NP_015362,YPR037C,ERV2,SRP Dep,,,,,1,9,26,18,17 2.70,48.6,18 2.47,44.46,19 1.84,33.12,
NP_878092,YHR213W-A,0,SRP Dep,,,,,1,20,38,19,24 2.56,48.64,23 2.36,44.84,24 2.08,39.52,
NP_015090,YPL234C,VMA11,SRP Dep,,,,,4,17,39,23,32 2.13,48.99,31 2.08,47.84,27 1.77,40.71,
NP_001032580,YKL065W-A,0,SRP Dep,,,,,1,37,54,18,46 2.73,49.14,47 2.46,44.28,46 1.76,31.68,
NP_014792,YOR149C,SMP3,SRP Dep,,,,,7,6,25,20,14 2.46,49.2,15 2.40,48,16 1.49,29.8,
NP_010791,YDR503C,LPP1,SRP Dep,,,,,4,16,34,19,27 2.59,49.21,27 2.64,50.16,30 1.78,33.82,
NP_012922,YKL004W,AUR1,SRP Dep,,,,,6,42,60,19,56 2.59,49.21,54 2.72,51.68,51 1.72,32.68,
NP_013047,YLL053C,0,SRP Dep,,,YES,,4,41,59,19,52 2.59,49.21,54 2.44,46.36,50 1.86,35.34,
NP_010491,YDR205W,MSC2,SRP Dep,,,,,13,6,27,22,23 2.24,49.28,17 1.73,38.06,19 1.48,32.56,
NP_014304,YNL095C,0,SRP Dep,,,,,9,20,37,18,26 2.74,49.32,48 2.57,46.26,29 2.06,37.08,(11) 43-63
NP_010722,YDR434W,GPI17,SRP Dep,,,,,2,9,27,19,19 2.60,49.4,18 2.43,46.17,18 1.71,32.49,
NP_011389,YGL126W,SCS3,SRP Dep,,,,,5,12,31,20,16 2.47,49.4,16 2.33,46.6,15 1.71,34.2,
NP_013948,YMR221C,0,SRP Dep,,,,,11,12,32,21,28 2.36,49.56,25 2.11,44.31,28 1.93,40.53,
NP_011563,YGR049W,SCM4,SRP Dep,,,,,4,6,33,28,10 1.77,49.56,11 1.72,48.16,20 1.59,44.52,
NP_014581,YOL060C,MAM3,SRP Dep,,,,,3,21,43,23,24 2.16,49.68,23 2.03,46.69,27 1.33,30.59,
NP_014257,YNL142W,MEP2,SRP Dep,,,,,11,32,53,22,48 2.26,49.72,47 2.15,47.3,43 1.76,38.72,
NP_014250,YNL149C,PGA2,SRP Dep,,,,,1,23,41,19,28 2.62,49.78,32 2.77,52.63,33 1.62,30.78,
NP_012458,YJL077C,ICS3,SRP Dep,,,,,2,35,54,20,39 2.49,49.8,45 2.45,49,44 2.16,43.2,
NP_014651,YOR008C-A,0,SRP Dep,,,YES,,1,28,44,17,37 2.93,49.81,35 2.43,41.31,33 1.92,32.64,
NP_015066,YPL257W,0,SRP Dep,,,,,3,59,80,22,33 2.27,49.94,33 2.14,47.08,40 1.00,22,
NP_011503,YGL012W,ERG4,SRP Dep,,,,,7,40,61,22,49 2.28,50.16,51 2.45,53.9,55 1.79,39.38,
NP_011290,YGL225W,VRG4,SRP Dep,,,,,9,52,73,22,57 2.29,50.38,57 2.17,47.74,60 2.11,46.42,
NP_010468,YDR182W,CDC1,SRP Dep,,,,,3,42,61,20,51 2.52,50.4,52 2.37,47.4,56 1.65,33,
NP_010616,YDR329C,PEX3,SRP Dep,,,,,1,18,39,22,22 2.30,50.6,23 2.39,52.58,27 2.06,45.32,
NP_014735,YOR092W,ECM3,SRP Dep,,,,,8,44,63,20,51 2.53,50.6,52 2.35,47,56 1.72,34.4,
NP_011257,YGL257C,MNT2,SRP Dep,,,YES,,1,7,20,14,13 3.62,50.68,14 3.69,51.66,16 2.54,35.56,
NP_010655,YDR367W,KEI1,SRP Dep,,,,,4,12,31,20,24 2.54,50.8,25 2.42,48.4,22 2.07,41.4,
NP_012651,YJR117W,STE24,SRP Dep,,,,,4,13,35,23,21 2.21,50.83,22 1.75,40.25,26 0.92,21.16,
NP_010872,YEL042W,GDA1,SRP Dep,,,YES,,1,10,23,14,20 3.64,50.96,19 3.40,47.6,20 2.19,30.66,
NP_011828,YHL035C,VMR1,SRP Dep,,,,,14,29,47,19,39 2.69,51.11,40 2.62,49.78,37 2.05,38.95,
NP_009800,YBR241C,0,SRP Dep,,,,,11,20,40,21,28 2.44,51.24,29 2.31,48.51,27 1.66,34.86,
NP_010216,YDL067C,COX9,SRP Dep,,,,,1,14,34,21,18 2.44,51.24,19 2.27,47.67,23 1.53,32.13,
NP_012506,YJL028W,0,SRP Dep,,,,,2,27,45,19,56 2.33,51.26,38 2.05,38.95,38 1.96,37.24,(9) 51-72
NP_011647,YGR131W,FHN1,SRP Dep,,,,,4,12,28,17,20 3.02,51.34,19 3.02,51.34,20 2.39,40.63,
NP_009719,YBR161W,CSH1,SRP Dep,,,,,3,7,24,18,11 2.86,51.48,12 3.09,55.62,14 1.94,34.92,
NP_010878,YEL036C,ANP1,SRP Dep,,,,,1,21,43,23,28 2.24,51.52,35 2.37,54.51,30 2.03,46.69,
NP_878086,YHR007C-A,0,SRP Dep,,,,,1,21,43,23,60 2.24,51.52,60 1.93,44.39,31 1.29,29.67,
NP_013623,YML087C,AIM33,SRP Dep,,,,,2,42,61,20,46 2.58,51.6,47 2.87,57.4,51 2.29,45.8,
NP_009933,YCR007C,0,SRP Dep,,,,,2,55,75,21,60 2.46,51.66,60 2.11,44.31,60 1.59,33.39,
NP_015475,YPR149W,NCE102,SRP Dep,,,,,4,12,28,17,15 3.04,51.68,19 3.05,51.85,20 2.18,37.06,
NP_013644,YML067C,ERV41,SRP Dep,,,,,2,21,40,20,34 2.59,51.8,34 2.63,52.6,34 1.50,30,
NP_116661,YFR006W,0,SRP Dep,,,,,1,6,24,19,12 2.73,51.87,13 2.75,52.25,12 2.12,40.28,
NP_010411,YDR126W,SWF1,SRP Dep,,,YES,,5,5,19,15,13 3.47,52.05,13 3.56,53.4,14 3.05,45.75,
NP_001032581,YKL023C-A,0,SRP Dep,,,,,1,47,65,19,53 2.74,52.06,52 2.94,55.86,54 2.03,38.57,
NP_013263,YLR162W,0,SRP Dep,,,,,0,38,56,19,46 2.74,52.06,43 2.54,48.26,46 1.93,36.67,
NP_009842,YBR283C,SSH1,SRP Dep,,,,,9,33,53,21,41 2.48,52.08,41 2.13,44.73,42 1.92,40.32,
NP_012365,YJL170C,ASG7,SRP Dep,,,,,2,50,71,22,59 2.37,52.14,55 2.40,52.8,59 2.03,44.66,
NP_009864,YCL069W,VBA3,SRP Dep,,,,,11,37,56,20,52 2.61,52.2,51 2.55,51,47 2.41,48.2,
NP_009379,YAL023C,PMT2,SRP Dep,,,,,10,59,77,19,73 2.75,52.25,70 2.44,46.36,68 1.90,36.1,
NP_010962,YER044C,ERG28,SRP Dep,,,,,2,26,43,18,31 2.91,52.38,31 2.55,45.9,36 1.41,25.38,
NP_010357,YDR072C,IPT1,SRP Dep,,,,,8,24,44,21,7 2.50,52.5,40 2.17,45.57,33 1.65,34.65,
NP_013086,YLL015W,BPT1,SRP Dep,,,,,14,24,44,21,42 2.50,52.5,37 1.88,39.48,37 1.83,38.43,
NP_009664,YBR106W,PHO88,SRP Dep,,,,,1,28,47,20,11 2.63,52.6,10 2.46,49.2,37 1.65,33,
NP_014640,YOL003C,PFA4,SRP Dep,,,,,4,6,29,24,18 2.20,52.8,17 2.37,56.88,21 1.51,36.24,
NP_011288,YGL226C-A,OST5,SRP Dep,,,,,2,27,45,19,36 2.78,52.82,35 2.73,51.87,38 2.35,44.65,
NP_012224,YIL040W,APQ12,SRP Dep,,,,,2,40,58,19,44 2.78,52.82,49 2.57,48.83,49 2.00,38,
NP_012977,YKR051W,0,SRP Dep,,,,,7,46,64,19,52 2.78,52.82,53 2.58,49.02,55 2.03,38.57,
NP_013239,YLR138W,NHA1,SRP Dep,,,,,9,45,63,19,48 2.78,52.82,52 2.35,44.65,23 1.71,34.2,(19) 14-33
NP_116328,YBR255C-A,0,SRP Dep,,,,,1,22,44,23,39 2.30,52.9,39 2.39,54.97,35 1.57,36.11,
NP_009957,YCR028C,FEN2,SRP Dep,,,,,12,29,47,19,39 2.79,53.01,38 2.37,45.03,38 1.65,31.35,
NP_014008,YMR281W,GPI12,SRP Dep,,,,,1,14,32,19,26 2.79,53.01,26 2.51,47.69,23 1.72,32.68,
NP_014897,YOR254C,SEC63,SRP Dep,,,,,3,14,32,19,22 2.79,53.01,22 2.50,47.5,25 1.84,34.96,
NP_014073,YNL326C,PFA3,SRP Dep,,,,,4,34,55,22,47 2.42,53.24,44 2.26,49.72,43 1.55,34.1,
NP_015268,YPL057C,SUR1,SRP Dep,,,,,3,7,24,18,17 2.96,53.28,14 2.52,45.36,22 2.08,37.44,
NP_010725,YDR437W,GPI19,SRP Dep,,,,,2,12,32,21,23 2.54,53.34,19 2.45,51.45,23 1.79,37.59,
NP_014001,YMR274C,RCE1,SRP Dep,,,,,7,6,24,19,11 2.81,53.39,13 2.24,42.56,10 1.83,34.77,
NP_013029,YKR103W,NFT1,SRP Dep,,,,,15,30,49,20,34 2.67,53.4,33 2.29,45.8,39 1.63,32.6,
NP_011593,YGR079W,0,SRP Dep,,,,,1,12,29,18,13 2.97,53.46,14 2.36,42.48,20 1.55,27.9,
NP_878168,YOR020W-A,0,SRP Dep,,,,,1,12,33,22,20 2.43,53.46,21 2.09,45.98,25 1.58,34.76,
NP_010675,YDR387C,0,SRP Dep,,,,,12,41,64,24,45 2.23,53.52,46 2.14,51.36,44 1.61,38.64,
NP_009924,YCL002C,0,SRP Dep,,,,,7,6,24,19,16 2.82,53.58,14 2.74,52.06,10 2.56,48.64,
NP_011401,YGL114W,0,SRP Dep,,,,,12,24,46,23,36 2.33,53.59,35 2.48,57.04,33 1.58,36.34,
NP_116644,YFL011W,HXT10,SRP Dep,,,,,11,44,65,22,53 2.44,53.68,57 2.33,51.26,52 1.83,40.26,
NP_010639,YDR352W,0,SRP Dep,,,,,5,6,31,26,24 2.07,53.82,23 1.96,50.96,23 1.51,39.26,
NP_013515,YLR411W,CTR3,SRP Dep,,,,,3,44,62,19,53 2.84,53.96,53 2.54,48.26,53 1.58,30.02,
NP_010000,YCR075C,ERS1,SRP Dep,,,,,6,40,60,21,55 2.57,53.97,56 2.03,42.63,50 1.41,29.61,
NP_009414,YAR027W,UIP3,SRP Dep,,,,,2,51,68,18,60 3.00,54,60 3.12,56.16,59 2.62,47.16,
NP_013845,YMR126C,DLT1,SRP Dep,,,YES,,2,15,30,16,20 3.38,54.08,25 3.11,49.76,58 3.16,79,(19) 48-72
NP_013402,YLR299W,ECM38,SRP Dep,,,,,1,12,33,22,20 2.46,54.12,25 2.65,58.3,24 2.01,44.22,
NP_012476,YJL059W,YHC3,SRP Dep,,,,,11,12,31,20,25 2.71,54.2,26 2.76,55.2,22 1.95,39,
NP_116628,YFL025C,BST1,SRP Dep,,,,,8,52,74,23,60 2.36,54.28,60 1.93,44.39,60 1.24,28.52,
NP_013096,YLL005C,SPO75,SRP Dep,,,,,11,35,56,22,43 2.47,54.34,51 2.57,56.54,47 2.29,50.38,
NP_012544,YJR010C-A,SPC1,SRP Dep,,,,,2,30,49,20,38 2.72,54.4,37 2.75,55,60 2.03,40.6,(19) 55-74
NP_012530,YJL004C,SYS1,SRP Dep,,,,,4,34,57,24,36 2.27,54.48,35 2.23,53.52,39 1.83,43.92,
NP_013681,YML031W,NDC1,SRP Dep,,,,,6,34,53,20,47 2.73,54.6,45 2.39,47.8,43 2.22,44.4,
NP_010160,YDL123W,SNA4,SRP Dep,,,,,2,13,31,19,17 2.88,54.72,18 2.46,46.74,19 1.95,37.05,
NP_014692,YOR049C,RSB1,SRP Dep,,,,,7,6,24,19,15 2.88,54.72,14 2.70,51.3,18 2.25,42.75,
NP_014460,YNR062C,0,SRP Dep,,,,,8,16,35,20,31 2.74,54.8,28 2.74,54.8,28 2.05,41,
NP_878169,YOR032W-A,0,SRP Dep,,,,,2,38,58,21,53 2.61,54.81,53 2.83,59.43,57 1.63,34.23,
NP_011855,YHL008C,0,SRP Dep,,,,,6,32,55,24,18 2.29,54.96,37 2.12,50.88,42 1.79,42.96,
NP_013087,YLL014W,EMC6,SRP Dep,,,,,3,24,44,21,37 2.62,55.02,37 2.65,55.65,59 2.16,43.2,(19) 50-69
NP_014182,YNL217W,0,SRP Dep,,,,,1,12,30,19,20 2.90,55.1,19 2.47,46.93,21 2.00,38,
NP_014119,YNL280C,ERG24,SRP Dep,,,,,8,12,34,23,29 2.40,55.2,28 2.30,52.9,25 2.20,50.6,
NP_009346,YAL055W,PEX22,SRP Dep,,,,,1,12,32,21,21 2.63,55.23,21 2.50,52.5,23 1.56,32.76,
NP_012976,YKR050W,TRK2,SRP Dep,,,YES,,10,48,72,25,58 2.21,55.25,59 2.09,52.25,58 1.89,47.25,
NP_014120,YNL279W,PRM1,SRP Dep,,,,,3,17,35,19,27 2.91,55.29,29 2.78,52.82,31 1.75,33.25,
NP_013134,YLR034C,SMF3,SRP Dep,,,,,10,45,67,23,58 2.41,55.43,54 2.58,59.34,55 2.09,48.07,
NP_011431,YGL084C,GUP1,SRP Dep,,,YES,,10,44,61,18,51 3.08,55.44,52 2.95,53.1,53 1.74,31.32,
NP_013666,YML047C,PRM6,SRP Dep,,,,,3,29,56,28,41 1.98,55.44,43 1.71,47.88,47 1.44,40.32,
NP_010101,YDL180W,0,SRP Dep,,,,,7,21,41,21,26 2.64,55.44,27 2.50,52.5,31 2.08,43.68,
NP_011043,YER118C,SHO1,SRP Dep,,,,,4,33,53,21,45 2.64,55.44,45 2.47,51.87,42 2.00,42,
NP_011477,YGL038C,OCH1,SRP Dep,Both Paths,,,,1,16,33,18,20 3.09,55.62,22 2.75,49.5,25 1.67,30.06,
NP_011991,YHR123W,EPT1,SRP Dep,,,,,7,50,69,20,60 2.79,55.8,55 2.45,49,59 2.16,43.2,
NP_015353,YPR028W,YOP1,SRP Dep,,,,,2,37,55,19,49 2.94,55.86,48 2.72,51.68,49 2.08,39.52,
NP_012500,YJL034W,KAR2,SRP Dep,Both Paths,,,,1,12,29,18,22 3.11,55.98,22 3.27,58.86,20 2.71,48.78,
NP_010519,YDR233C,RTN1,SRP Dep,,,,,2,49,69,21,42 2.68,56.28,41 2.41,50.61,49 1.87,39.27,
NP_010077,YDL204W,RTN2,SRP Dep,,,,,2,59,79,21,52 2.69,56.49,51 2.62,55.02,57 1.93,40.53,
NP_010316,YDR033W,MRH1,SRP Dep,,,,,7,35,55,21,48 2.69,56.49,49 2.72,57.12,45 1.79,37.59,
NP_010347,YDR062W,LCB2,SRP Dep,,,,,0,58,77,20,73 2.83,56.6,70 2.01,40.2,68 1.71,34.2,
NP_012715,YKL207W,EMC3,SRP Dep,,,,,3,6,25,20,21 2.83,56.6,16 2.95,59,16 1.95,39,
NP_015227,YPL098C,MGR2,SRP Dep,,,,,2,21,44,24,39 2.36,56.64,38 1.83,43.92,33 1.52,36.48,
NP_690846,YPL096C-A,ERI1,SRP Dep,,,,,2,7,28,22,21 2.58,56.76,15 2.17,47.74,16 1.95,42.9,
NP_012665,YJR131W,MNS1,SRP Dep,,,,,1,6,24,19,13 2.99,56.81,14 3.02,57.38,13 2.18,41.42,
NP_015169,YPL156C,PRM4,SRP Dep,,,,,1,20,38,19,24 2.99,56.81,30 2.89,54.91,29 2.38,45.22,
NP_010698,YDR410C,STE14,SRP Dep,,,,,5,25,42,18,55 3.00,57,34 2.79,50.22,32 2.10,37.8,(9) 49-67
NP_011779,YGR263C,SAY1,SRP Dep,,,,,1,46,66,21,56 2.72,57.12,60 2.95,61.95,57 2.05,43.05,
NP_014418,YNR021W,0,SRP Dep,,,YES,,1,42,62,21,54 2.72,57.12,56 2.48,52.08,56 1.48,31.08,
NP_011369,YGL146C,RRT6,SRP Dep,,,,,1,34,52,19,42 3.01,57.19,43 2.81,53.39,43 1.84,34.96,
NP_015416,YPR091C,NVJ2,SRP Dep,,,,,1,6,27,22,20 2.60,57.2,11 2.44,53.68,15 2.41,53.02,
NP_013983,YMR256C,COX7,SRP Dep,,,,,1,28,48,21,39 2.73,57.33,41 2.62,55.02,39 1.91,40.11,
NP_958835,YCL005W-A,VMA9,SRP Dep,,,,,2,7,25,19,10 3.02,57.38,12 2.80,53.2,16 2.53,48.07,
NP_001091638,YPR010C-A,0,SRP Dep,,,,,1,24,43,20,31 2.87,57.4,32 2.32,46.4,29 1.59,31.8,
NP_116700,YFR042W,KEG1,SRP Dep,,,,,4,12,36,25,29 2.30,57.5,28 2.21,55.25,28 1.83,45.75,
NP_010301,YDR018C,0,SRP Dep,,,,,4,27,47,21,31 2.74,57.54,45 2.32,48.72,36 2.27,47.67,
NP_014549,YOL092W,0,SRP Dep,,,,,7,45,63,19,51 3.03,57.57,50 2.75,52.25,56 2.01,38.19,
NP_011574,YGR060W,ERG25,SRP Dep,,,,,1,51,76,26,55 2.22,57.72,56 2.51,65.26,59 1.39,36.14,
NP_012873,YKL051W,SFK1,SRP Dep,,,,,6,12,34,23,16 2.51,57.73,15 2.32,53.36,22 1.99,45.77,
NP_014459,YNR061C,0,SRP Dep,,,,,4,42,59,18,30 2.89,57.8,47 2.25,40.5,60 2.16,38.88,(9) 16-35
NP_116667,YFR012W,DCV1,SRP Dep,,,,,4,6,27,22,10 2.63,57.86,12 2.25,49.5,15 2.03,44.66,
NP_010531,YDR245W,MNN10,SRP Dep,,,,,1,50,67,18,57 3.22,57.96,58 3.24,58.32,59 1.92,34.56,
NP_878072,YFR032C-B,0,SRP Dep,,,,,1,20,42,23,24 2.52,57.96,25 1.95,44.85,31 1.14,26.22,
NP_009779,YBR220C,0,SRP Dep,,,,,10,20,43,24,22 2.42,58.08,25 2.06,49.44,27 1.83,43.92,
NP_013548,YLR443W,ECM7,SRP Dep,,,,,4,26,47,22,37 2.64,58.08,39 2.48,54.56,38 1.84,40.48,
NP_013787,YMR071C,TVP18,SRP Dep,,,,,3,53,78,26,39 3.06,58.14,56 2.70,70.2,60 2.60,67.6,(9) 29-47
NP_015404,YPR079W,MRL1,SRP Dep,,,,,2,7,25,19,17 3.06,58.14,17 2.89,54.91,15 2.21,41.99,
NP_013728,YMR015C,ERG5,SRP Dep,,,,,0,45,64,20,54 2.91,58.2,53 3.05,61,49 1.70,34,
NP_878096,YIL134C-A,0,SRP Dep,,,,,2,13,30,18,19 3.24,58.32,18 2.72,48.96,21 1.65,29.7,
NP_011550,YGR036C,CAX4,SRP Dep,,,,,3,29,49,21,43 2.78,58.38,44 2.50,52.5,38 2.06,43.26,
NP_014480,YOL162W,0,SRP Dep,,,,,6,28,47,20,42 2.92,58.4,43 2.70,54,39 1.94,38.8,
NP_011347,YGL168W,HUR1,SRP Dep,,,,,1,12,33,22,6 2.66,58.52,6 2.39,52.58,10 1.63,35.86,
NP_013166,YLR065C,ENV10,SRP Dep,,,,,4,49,68,20,60 2.93,58.6,59 2.64,52.8,56 2.29,45.8,
NP_013518,YLR414C,PUN1,SRP Dep,,,YES,,4,4,22,19,19 3.09,58.71,17 2.74,52.06,16 2.61,49.59,
NP_009994,YCR068W,ATG15,SRP Dep,,,,,1,12,34,23,24 2.56,58.88,25 2.66,61.18,26 2.05,47.15,
NP_878181,YPL119C-A,0,SRP Dep,,,,,1,20,42,23,31 2.56,58.88,30 2.32,53.36,33 1.70,39.1,
NP_009597,YBR041W,FAT1,SRP Dep,,,,,3,6,26,21,18 2.81,59.01,21 2.45,51.45,13 2.21,46.41,
NP_015059,YPL264C,0,SRP Dep,,,,,10,12,32,21,21 2.81,59.01,21 2.52,52.92,25 1.65,34.65,
NP_015272,YPL053C,KTR6,SRP Dep,,,,,1,12,29,18,21 3.28,59.04,18 3.15,56.7,18 2.59,46.62,
NP_012713,YKL209C,STE6,SRP Dep,,,,,10,26,47,22,31 2.69,59.18,31 2.71,59.62,35 2.14,47.08,
NP_012441,YJL094C,KHA1,SRP Dep,,,,,12,20,40,21,36 2.82,59.22,31 2.57,53.97,31 2.05,43.05,
NP_009395,YAL007C,ERP2,SRP Dep,,,YES,,2,5,20,16,16 3.71,59.36,15 3.22,51.52,15 2.40,38.4,
NP_010188,YDL095W,PMT1,SRP Dep,,,,,9,51,70,20,55 2.97,59.4,58 2.63,52.6,60 1.99,39.8,
NP_010593,YDR307W,0,SRP Dep,,,,,5,29,47,19,37 3.13,59.47,35 2.54,48.26,38 1.71,32.49,
NP_012352,YJL183W,MNN11,SRP Dep,,,,,1,33,51,19,44 3.13,59.47,43 2.84,53.96,42 1.78,33.82,
NP_010190,YDL093W,PMT5,SRP Dep,,,,,11,47,66,20,51 2.98,59.6,54 2.64,52.8,56 1.73,34.6,
NP_011044,YER119C,AVT6,SRP Dep,,,YES,,11,33,53,21,37 2.84,59.64,38 2.72,57.12,39 1.91,40.11,
NP_011462,YGL053W,PRM8,SRP Dep,,,,,2,51,69,19,60 3.14,59.66,57 3.03,57.57,59 2.91,55.29,
NP_013137,YLR036C,0,SRP Dep,,,,,3,56,80,25,60 2.39,59.75,60 2.46,61.5,40 1.19,29.75,
NP_010814,YDR525W-A,SNA2,SRP Dep,,,,,2,6,22,17,11 3.52,59.84,13 2.68,45.56,44 2.22,51.06,(19) 31-53
NP_001106949,YPR170W-B,0,SRP Dep,,,,,2,12,31,20,23 3.00,60,23 2.78,55.6,59 2.18,54.5,(19) 51-75
NP_010022,YCR098C,GIT1,SRP Dep,,,,,11,45,68,24,52 2.50,60,50 2.36,56.64,54 1.31,31.44,
NP_009855,YBR296C,PHO89,SRP Dep,,,,,10,6,26,21,13 2.86,60.06,14 2.94,61.74,17 1.82,38.22,
NP_013868,YMR148W,OSW5,SRP Dep,,,,,2,7,27,21,29 2.86,60.06,14 2.83,59.43,24 2.57,53.97,
NP_014630,YOL013C,HRD1,SRP Dep,,,,,4,48,66,19,52 3.17,60.23,15 2.83,53.77,57 2.01,38.19,(11) 10-28
NP_010887,YEL027W,VMA3,SRP Dep,,,,,4,54,76,23,58 2.62,60.26,59 2.72,62.56,60 1.90,43.7,
NP_013970,YMR243C,ZRC1,SRP Dep,,,,,6,35,56,22,50 2.74,60.28,51 2.79,61.38,18 1.92,44.16,(19) 7-29
NP_011743,YGR227W,DIE2,SRP Dep,,,,,11,36,56,21,48 2.88,60.48,49 2.49,52.29,49 2.20,46.2,
NP_012993,YKR067W,GPT2,SRP Dep,,,,,4,31,55,25,46 2.42,60.5,49 2.53,63.25,46 1.65,41.25,
NP_012782,YKL140W,TGL1,SRP Dep,,,,,0,14,33,20,18 3.03,60.6,20 2.62,52.4,24 2.32,46.4,
NP_013929,YMR202W,ERG2,SRP Dep,,,,,1,6,25,20,10 3.03,60.6,8 2.88,57.6,12 2.30,46,
NP_009471,YBL082C,ALG3,SRP Dep,,,,,9,44,62,19,48 3.19,60.61,48 2.55,48.45,53 2.26,42.94,
NP_009570,YBR014C,GRX7,SRP Dep,,,YES,,1,12,27,16,22 3.79,60.64,22 3.13,50.08,18 2.45,39.2,
NP_010699,YDR411C,DFM1,SRP Dep,,,,,4,37,59,23,44 2.64,60.72,42 2.74,63.02,39 1.56,35.88,
NP_013581,YML125C,PGA3,SRP Dep,,,,,2,42,61,20,51 3.04,60.8,50 2.76,55.2,51 1.83,36.6,
NP_010900,YEL016C,NPP2,SRP Dep,,,,,0,29,47,19,37 3.20,60.8,38 2.65,50.35,38 2.16,41.04,
NP_012721,YKL201C,MNN4,SRP Dep,,,,,1,28,45,18,36 3.38,60.84,38 3.02,54.36,34 2.23,40.14,
NP_010063,YDL218W,0,SRP Dep,,,YES,,4,46,66,21,60 2.90,60.9,58 2.55,53.55,55 2.33,48.93,
NP_010632,YDR345C,HXT3,SRP Dep,,,,,11,57,78,22,66 2.77,60.94,65 2.59,56.98,67 2.14,47.08,
NP_015275,YPL050C,MNN9,SRP Dep,,,,,1,15,33,19,27 3.21,60.99,27 3.26,61.94,24 2.53,48.07,
NP_013991,YMR264W,CUE1,SRP Dep,,,,,0,6,23,18,10 3.39,61.02,12 3.18,57.24,15 2.09,37.62,
NP_012546,YJR012C,0,SRP Dep,,,,,1,17,38,22,34 2.78,61.16,33 2.87,63.14,42 2.21,48.62,
NP_012860,YKL063C,0,SRP Dep,,,,,1,37,55,19,41 3.22,61.18,42 2.98,56.62,46 2.31,43.89,
NP_009610,YBR054W,YRO2,SRP Dep,,,,,7,35,56,22,48 2.79,61.38,49 2.80,61.6,45 2.36,51.92,
NP_014961,YOR316C,COT1,SRP Dep,,,,,6,36,57,22,51 2.79,61.38,52 2.83,62.26,17 1.77,33.63,(19) 12-30
NP_015078,YPL246C,RBD2,SRP Dep,,,,,5,15,37,23,24 2.67,61.41,26 2.79,64.17,28 2.34,53.82,
NP_010583,YDR297W,SUR2,SRP Dep,,,,,4,50,70,21,54 2.93,61.53,54 2.53,53.13,58 1.96,41.16,
NP_012181,YIL085C,KTR7,SRP Dep,,,,,1,21,43,23,29 2.68,61.64,29 2.79,64.17,33 1.63,37.49,
NP_014568,YOL073C,0,SRP Dep,,,,,4,12,34,23,27 2.68,61.64,23 2.31,53.13,23 1.90,43.7,
NP_010956,YER039C,HVG1,SRP Dep,,,,,6,48,71,24,53 2.57,61.68,53 2.52,60.48,20 1.66,41.5,(19) 12-36
NP_015464,YPR138C,MEP3,SRP Dep,,,,,11,50,69,20,53 3.09,61.8,59 2.89,57.8,29 2.31,48.51,(19) 18-38
NP_009358,YAL042W,ERV46,SRP Dep,,,,,1,21,42,22,38 2.81,61.82,37 2.27,49.94,34 1.78,39.16,
NP_013188,YLR087C,CSF1,SRP Dep,,,,,1,20,41,22,34 2.82,62.04,32 2.75,60.5,29 2.25,49.5,
NP_009952,YCR023C,0,SRP Dep,,,,,10,20,42,23,22 2.70,62.1,23 2.05,47.15,29 1.58,36.34,
NP_012756,YKL165C,MCD4,SRP Dep,,,,,14,7,30,24,12 2.59,62.16,14 2.49,59.76,18 1.92,46.08,
NP_878057,YCR024C-B,0,SRP Dep,,,,,2,37,58,22,52 2.83,62.26,53 2.35,51.7,47 1.98,43.56,
NP_011657,YGR141W,VPS62,SRP Dep,,,,,1,15,37,23,19 2.71,62.33,22 2.62,60.26,25 1.89,43.47,
NP_011871,YHR007C,ERG11,SRP Dep,,,,,2,31,51,21,35 2.97,62.37,36 2.72,57.12,31 2.07,43.47,
NP_013853,YMR134W,0,SRP Dep,,,,,1,36,56,21,40 2.97,62.37,43 2.78,58.38,45 1.96,41.16,
NP_013253,YLR152C,0,SRP Dep,,,,,9,6,30,25,26 2.50,62.5,8 2.12,53,16 1.67,41.75,
NP_009626,YBR070C,ALG14,SRP Dep,,,,,1,6,28,23,10 2.72,62.56,14 2.56,58.88,18 2.28,52.44,
NP_013636,YML075C,HMG1,SRP Dep,,,,,7,29,49,21,33 2.98,62.58,34 2.85,59.85,36 2.36,49.56,
NP_012746,YKL175W,ZRT3,SRP Dep,,,,,8,7,30,24,16 2.61,62.64,20 2.35,56.4,21 2.25,54,
NP_012363,YJL172W,CPS1,SRP Dep,,,,,1,20,40,21,28 3.00,63,26 3.08,64.68,29 2.24,47.04,
NP_013189,YLR088W,GAA1,SRP Dep,,,,,6,20,42,23,24 2.74,63.02,25 2.76,63.48,29 2.39,54.97,
NP_219496,YER074W-A,YOS1,SRP Dep,,,,,2,6,24,19,13 3.32,63.08,17 3.01,57.19,11 2.19,41.61,
NP_010747,YDR459C,PFA5,SRP Dep,,,,,4,14,34,21,22 3.01,63.21,22 3.06,64.26,60 2.35,58.75,(19) 54-78
NP_011636,YGR121C,MEP1,SRP Dep,,,,,11,20,43,24,54 3.01,63.21,28 2.84,68.16,30 2.31,55.44,(9) 50-70
NP_014446,YNR048W,0,SRP Dep,,,,,2,47,67,21,54 3.01,63.21,52 2.79,58.59,59 2.47,51.87,
NP_012237,YIL027C,EMC5,SRP Dep,,,YES,,2,49,68,20,60 3.17,63.4,60 3.01,60.2,58 1.64,32.8,
NP_010769,YDR481C,PHO8,SRP Dep,SRP Dep,,,,1,34,53,20,43 3.18,63.6,44 3.33,66.6,43 2.65,53,
NP_012658,YJR124C,0,SRP Dep,,,,,10,18,45,28,40 2.28,63.84,23 1.96,54.88,60 1.68,31.92,(19) 51-69
NP_014027,YMR298W,LIP1,SRP Dep,,,,,1,20,40,21,33 3.04,63.84,31 2.79,58.59,29 1.96,41.16,
NP_010570,YDR284C,DPP1,SRP Dep,,,,,5,21,37,17,26 3.76,63.92,26 3.10,52.7,22 1.63,27.71,
NP_014454,YNR056C,BIO5,SRP Dep,,,,,10,47,72,26,8 2.46,63.96,54 1.65,42.9,59 1.46,37.96,
NP_009846,YBR287W,0,SRP Dep,,,,,6,12,32,21,22 3.06,64.26,23 2.63,55.23,19 2.09,43.89,
NP_011820,YHL043W,ECM34,SRP Dep,,,,,2,51,71,21,57 3.06,64.26,56 2.83,59.43,60 1.91,40.11,
NP_013645,YML066C,SMA2,SRP Dep,,,,,4,7,27,21,11 3.06,64.26,12 2.77,58.17,16 2.28,47.88,
NP_011259,YGL255W,ZRT1,SRP Dep,,,,,8,47,69,23,55 2.80,64.4,59 2.78,63.94,60 2.09,48.07,
NP_014205,YNL194C,0,SRP Dep,,,,,4,7,28,22,24 2.93,64.46,23 2.50,55,18 2.43,53.46,
NP_009950,YCR021C,HSP30,SRP Dep,,,,,7,34,55,22,42 2.94,64.68,42 2.92,64.24,46 2.72,59.84,
NP_009598,YBR042C,CST26,SRP Dep,,,,,4,13,37,25,31 2.59,64.75,18 2.65,66.25,22 2.34,58.5,
NP_011847,YHL016C,DUR3,SRP Dep,,,,,15,12,35,24,20 2.70,64.8,20 2.54,60.96,21 2.07,49.68,
NP_013842,YMR123W,PKR1,SRP Dep,,,,,2,21,41,21,33 3.09,64.89,35 2.95,61.95,31 2.39,50.19,
NP_014644,YOR002W,ALG6,SRP Dep,,,,,10,40,58,19,45 3.42,64.98,46 2.44,46.36,46 1.65,31.35,
NP_013724,YMR011W,HXT2,SRP Dep,,,,,12,50,72,23,60 2.83,65.09,60 2.51,57.73,59 1.87,43.01,
NP_015524,YPR198W,SGE1,SRP Dep,,,YES,,14,7,29,23,25 2.83,65.09,24 2.92,67.16,20 2.87,66.01,
NP_009717,YBR159W,IFA38,SRP Dep,,,,,1,20,44,25,44 2.62,65.5,44 2.75,68.75,43 1.91,47.75,
NP_009336,YAL064W-B,0,SRP Dep,,,,,3,35,58,24,43 2.73,65.52,44 2.99,71.76,44 2.04,48.96,
NP_012578,YJR044C,VPS55,SRP Dep,,,,,4,12,32,21,23 3.12,65.52,23 3.15,66.15,24 2.39,50.19,
NP_012640,YJR106W,ECM27,SRP Dep,,,,,11,21,40,20,35 3.28,65.6,36 3.14,62.8,32 2.47,49.4,
NP_014740,YOR097C,0,SRP Dep,,,,,2,49,73,25,53 2.63,65.75,58 2.56,64,58 2.48,62,
NP_011819,YHL044W,0,SRP Dep,,,,,2,45,66,22,57 2.99,65.78,56 3.11,68.42,52 2.16,47.52,
NP_012484,YJL051W,IRC8,SRP Dep,,,,,4,44,65,22,48 2.99,65.78,50 2.91,64.02,53 2.24,49.28,
NP_009758,YBR199W,KTR4,SRP Dep,,,,,1,12,30,19,19 3.47,65.93,20 3.15,59.85,21 2.91,55.29,
NP_011355,YGL160W,AIM14,SRP Dep,,,,,7,23,44,22,32 3.00,66,32 2.80,61.6,36 2.30,50.6,
NP_878184,YPR159C-A,0,SRP Dep,,,,,1,12,31,20,23 3.30,66,18 2.92,58.4,22 2.67,53.4,
NP_012768,YKL154W,SRP102,SRP Dep,,,YES,,1,5,23,19,10 3.49,66.31,10 2.75,52.25,14 2.61,49.59,
NP_013555,YLR450W,HMG2,SRP Dep,,,,,7,25,44,20,33 3.32,66.4,34 3.05,61,36 2.20,44,
NP_012227,YIL037C,PRM2,SRP Dep,,,,,4,20,43,24,29 2.77,66.48,29 2.95,70.8,34 2.16,51.84,
NP_013167,YLR066W,SPC3,SRP Dep,,,,,1,15,34,20,24 3.33,66.6,23 2.86,57.2,26 1.65,33,
NP_012178,YIL088C,AVT7,SRP Dep,,,,,10,35,56,22,39 3.04,66.88,40 3.00,66,44 2.33,51.26,
NP_013274,YLR173W,0,SRP Dep,,,,,1,54,75,22,58 3.04,66.88,59 3.18,69.96,60 2.35,51.7,
NP_010018,YCR094W,CDC50,SRP Dep,,,,,2,45,65,21,52 3.19,66.99,50 2.94,61.74,57 2.44,51.24,
NP_013052,YLL048C,YBT1,SRP Dep,,,,,14,31,50,20,39 3.36,67.2,40 3.41,68.2,41 1.68,33.6,
NP_011886,YHR021W-A,ECM12,SRP Dep,,,,,2,12,37,26,16 2.59,67.34,17 2.25,58.5,58 1.81,39.82,(19) 57-78
NP_011891,YHR026W,VMA16,SRP Dep,,,,,5,20,38,19,27 3.57,67.83,29 3.23,61.37,29 2.15,40.85,
NP_010562,YDR276C,PMP3,SRP Dep,,,,,2,30,53,24,35 2.84,68.16,35 2.54,60.96,43 2.08,49.92,
NP_878116,YLL006W-A,0,SRP Dep,,,,,1,12,40,29,25 2.39,69.31,17 2.26,65.54,21 2.08,60.32,
NP_012588,YJR054W,0,SRP Dep,,,,,3,31,61,31,35 2.24,69.44,35 1.74,53.94,44 1.49,46.19,
NP_010059,YDL222C,FMP45,SRP Dep,,,,,4,6,27,22,13 3.16,69.52,11 2.94,64.68,18 2.86,62.92,
NP_015097,YPL227C,ALG5,SRP Dep,,,,,1,12,33,22,22 3.16,69.52,19 3.14,69.08,23 2.66,58.52,
NP_011893,YHR028C,DAP2,SRP Dep,SRP Dep,,,,1,27,45,19,34 3.66,69.54,33 2.99,56.81,36 2.65,50.35,
NP_011540,YGR026W,0,SRP Dep,,,,,4,31,55,25,38 2.81,70.25,40 2.51,62.75,46 2.05,51.25,
NP_878109,YKL183C-A,0,SRP Dep,,,,,1,12,39,28,29 2.51,70.28,33 2.42,67.76,29 2.16,60.48,
NP_009415,YAR028W,0,SRP Dep,,,,,2,51,69,19,55 3.70,70.3,60 3.38,64.22,59 3.03,57.57,
NP_010049,YDL232W,OST4,SRP Dep,,,,,1,7,28,22,20 3.20,70.4,19 2.84,62.48,19 2.22,48.84,
NP_013779,YMR063W,RIM9,SRP Dep,,,,,4,7,28,22,11 3.21,70.62,9 2.98,65.56,16 2.30,50.6,
NP_878100,YIR021W-A,0,SRP Dep,,,,,1,15,36,22,28 3.21,70.62,30 2.81,61.82,29 2.03,44.66,
NP_013367,YLR265C,NEJ1,SRP Dep,,,,,0,27,47,21,43 3.37,70.77,42 2.63,55.23,36 2.16,45.36,
NP_015163,YPL162C,0,SRP Dep,,,,,5,12,34,23,30 3.08,70.84,29 2.65,60.95,25 2.26,51.98,
NP_878094,YAR069C,0,SRP Dep,,,,,2,27,49,23,10 3.10,71.3,28 2.56,58.88,36 1.92,44.16,
NP_013748,YMR034C,0,SRP Dep,,,,,10,24,43,20,31 3.57,71.4,30 3.43,68.6,34 2.06,41.2,
NP_011603,YGR089W,NNF2,SRP Dep,,,,,3,39,62,24,58 2.98,71.52,43 2.55,61.2,49 1.88,45.12,
NP_014722,YOR079C,ATX2,SRP Dep,,,,,8,6,28,23,11 3.11,71.53,11 3.09,71.07,14 2.73,62.79,
NP_010211,YDL072C,YET3,SRP Dep,,,,,3,49,70,22,59 3.27,71.94,58 3.10,68.2,15 2.64,60.72,(19) 6-28
NP_011493,YGL022W,STT3,SRP Dep,,,,,13,7,29,23,22 3.13,71.99,20 3.00,69,16 2.29,52.67,
NP_012119,YIL147C,SLN1,SRP Dep,,,,,2,23,47,25,33 2.88,72,34 2.86,71.5,32 2.48,62,
NP_013993,YMR266W,RSN1,SRP Dep,,,,,11,27,46,20,40 3.60,72,38 3.23,64.6,35 2.16,43.2,
NP_009730,YBR171W,SEC66,SRP Dep,,,,,1,28,48,21,41 3.43,72.03,42 3.24,68.04,39 2.37,49.77,
NP_012248,YIL016W,SNL1,SRP Dep,,,,,1,20,39,20,26 3.61,72.2,27 3.55,71,26 2.25,45,
NP_013026,YKR100C,SKG1,SRP Dep,,,,,1,6,29,24,21 3.01,72.24,22 2.76,66.24,16 2.42,58.08,
NP_013031,YKR105C,VBA5,SRP Dep,,,,,14,34,61,28,47 2.59,72.52,59 2.71,75.88,52 2.55,71.4,
NP_013754,YMR040W,YET2,SRP Dep,,,,,3,6,26,21,20 3.46,72.66,21 3.03,63.63,14 2.93,61.53,
NP_012009,YHR140W,0,SRP Dep,,,YES,,6,45,68,24,53 3.03,72.72,52 2.76,66.24,55 1.71,41.04,
NP_013894,YMR171C,EAR1,SRP Dep,,,YES,,1,46,67,22,59 3.31,72.82,59 3.44,75.68,55 2.86,62.92,
NP_012108,YIL158W,AIM20,SRP Dep,,,,,1,6,27,22,22 3.32,73.04,21 3.29,72.38,17 2.52,55.44,
NP_012279,YIR014W,0,SRP Dep,,,,,0,21,45,25,41 2.93,73.25,40 2.67,66.75,43 1.87,46.75,
NP_013592,YML115C,VAN1,SRP Dep,,,,,1,60,81,22,73 3.34,73.48,74 2.96,65.12,75 2.56,56.32,
NP_010369,YDR084C,TVP23,SRP Dep,,,,,3,31,56,26,51 2.84,73.84,36 2.41,62.66,27 1.85,48.1,
NP_010740,YDR452W,PPN1,SRP Dep,,,,,1,21,40,20,34 3.71,74.2,35 3.16,63.2,31 2.75,55,
NP_014253,YNL146W,0,SRP Dep,,,,,2,12,31,20,26 3.71,74.2,22 3.62,72.4,26 2.54,50.8,
NP_014489,YOL152W,FRE7,SRP Dep,,,,,8,46,68,23,56 3.23,74.29,55 3.28,75.44,55 2.05,47.15,
NP_014687,YOR044W,IRC23,SRP Dep,,,,,2,7,29,23,9 3.23,74.29,29 2.69,61.87,32 2.12,48.76,
NP_015527,YPR201W,ARR3,SRP Dep,,,,,9,35,55,21,49 3.54,74.34,46 3.68,77.28,44 2.84,59.64,
NP_014020,YMR292W,GOT1,SRP Dep,,,,,3,35,56,22,45 3.39,74.58,44 3.53,77.66,41 2.61,57.42,
NP_013508,YLR404W,FLD1,SRP Dep,,,,,2,14,37,24,26 3.11,74.64,31 3.15,75.6,27 2.99,71.76,
NP_010702,YDR414C,ERD1,SRP Dep,,,,,3,25,44,20,29 3.74,74.8,30 3.39,67.8,35 2.41,48.2,
NP_001032578,YGL194C-A,0,SRP Dep,,,,,1,12,29,18,21 4.16,74.88,19 3.97,71.46,23 2.58,46.44,
NP_878051,YBR196C-A,0,SRP Dep,,,,,1,6,28,23,44 3.26,74.98,44 2.45,56.35,13 1.57,36.11,
NP_010659,YDR371W,CTS2,SRP Dep,,,,,1,14,34,21,24 3.58,75.18,24 3.68,77.28,23 2.48,52.08,
NP_014746,YOR103C,OST2,SRP Dep,,,,,3,46,68,23,56 3.28,75.44,55 2.98,68.54,59 2.59,59.57,
NP_010654,YDR366C,0,SRP Dep,,,,,3,6,26,21,13 3.60,75.6,14 3.58,75.18,10 2.45,51.45,
NP_014369,YNL029C,KTR5,SRP Dep,,,,,1,12,36,25,28 3.03,75.75,29 2.75,68.75,28 2.48,62,
NP_012384,YJL151C,SNA3,SRP Dep,,,,,2,49,70,22,55 3.47,76.34,27 3.00,51,60 2.45,53.9,(11) 21-37
NP_012858,YKL065C,YET1,SRP Dep,,,,,3,6,28,23,20 3.32,76.36,21 2.92,67.16,17 2.64,60.72,
NP_013660,YML052W,SUR7,SRP Dep,,,,,4,7,29,23,25 3.32,76.36,12 3.13,71.99,20 2.85,65.55,
NP_013231,YLR130C,ZRT2,SRP Dep,,,,,7,28,47,20,32 3.82,76.4,31 3.06,61.2,37 2.34,46.8,
NP_011729,YGR213C,RTA1,SRP Dep,,,,,7,15,39,25,33 3.06,76.5,32 2.81,70.25,28 2.84,71,
NP_015442,YPR117W,0,SRP Dep,,,,,2,15,39,25,20 3.06,76.5,21 2.84,71,24 2.18,54.5,
NP_014623,YOL019W,0,SRP Dep,,,,,4,7,33,27,21 2.84,76.68,23 2.37,63.99,16 2.46,66.42,
NP_015351,YPR026W,ATH1,SRP Dep,,,,,1,47,69,23,55 3.34,76.82,56 3.25,74.75,60 2.87,66.01,
NP_015046,YPL277C,0,SRP Dep,,,,,1,7,27,21,15 3.66,76.86,15 3.50,73.5,17 2.32,48.72,
NP_058137,YCR024C-A,PMP1,SRP Dep,,,,,1,6,27,22,10 3.51,77.22,12 3.38,74.36,17 3.10,68.2,
NP_014965,YOR320C,GNT1,SRP Dep,,,,,1,12,34,23,16 3.36,77.28,17 3.06,70.38,21 2.73,62.79,
NP_014747,YOR104W,PIN2,SRP Dep,,,,,1,43,64,22,53 3.53,77.66,51 3.24,71.28,52 3.05,67.1,
NP_013482,YLR378C,SEC61,SRP Dep,,,,,5,33,55,23,42 3.38,77.74,42 2.69,61.87,46 2.09,48.07,
NP_012701,YKL221W,MCH2,SRP Dep,,,,,11,40,65,26,46 2.99,77.74,48 2.35,61.1,40 1.28,33.28,
NP_014269,YNL130C,CPT1,SRP Dep,,,,,8,42,69,28,57 2.79,78.12,55 2.69,75.32,59 2.00,56,
NP_001032579,YIL102C-A,0,SRP Dep,,,,,2,43,67,25,48 3.13,78.25,48 3.14,78.5,57 2.43,60.75,
NP_011619,YGR105W,VMA21,SRP Dep,,,,,2,38,59,22,55 3.61,79.42,56 3.37,74.14,22 2.61,54.81,(19) 12-32
NP_010162,YDL121C,0,SRP Dep,,,,,1,6,26,21,13 3.82,80.22,12 3.73,78.33,17 2.94,61.74,
NP_878074,YGL041C-B,0,SRP Dep,,,,,1,15,39,25,31 3.21,80.25,32 2.91,72.75,35 2.26,56.5,
NP_011375,YGL140C,0,SRP Dep,,,,,11,36,65,30,40 2.69,80.7,42 2.17,65.1,56 1.69,50.7,
NP_010286,YDR003W,RCR2,SRP Dep,,,,,1,38,59,22,51 3.67,80.74,50 3.66,80.52,50 2.77,60.94,
NP_009559,YBR005W,RCR1,SRP Dep,,,,,1,41,62,22,53 3.68,80.96,51 3.65,80.3,52 3.37,74.14,
NP_012221,YIL043C,CBR1,SRP Dep,,,,,1,7,25,19,13 4.27,81.13,13 3.69,70.11,17 3.08,58.52,
NP_010881,YEL033W,MTC7,SRP Dep,,,,,2,40,61,22,48 3.70,81.4,52 3.45,75.9,53 3.17,69.74,
NP_013148,YLR047C,FRE8,SRP Dep,,,,,5,33,57,25,47 3.27,81.75,44 3.41,85.25,47 2.54,63.5,
NP_015233,YPL092W,SSU1,SRP Dep,,,,,9,46,71,26,55 3.16,82.16,52 3.04,79.04,56 2.44,63.44,
NP_014557,YOL084W,PHM7,SRP Dep,,,,,10,6,31,26,26 3.19,82.94,26 3.12,81.12,22 2.52,65.52,
NP_009596,YBR040W,FIG1,SRP Dep,,,,,4,20,41,22,31 3.81,83.82,30 3.45,75.9,26 2.94,64.68,
NP_011464,YGL051W,MST27,SRP Dep,,,,,2,45,68,24,60 3.54,84.96,58 3.24,77.76,59 3.08,73.92,
NP_009668,YBR110W,ALG1,SRP Dep,,,,,1,6,32,27,13 3.17,85.59,14 2.93,79.11,18 2.57,69.39,
NP_011072,YER145C,FTR1,SRP Dep,,,,,7,6,31,26,25 3.36,87.36,27 3.11,80.86,60 2.35,58.75,(19) 51-75
NP_010898,YEL017C-A,PMP2,SRP Dep,,,,,1,6,30,25,13 3.51,87.75,15 3.38,84.5,20 2.96,74,
NP_009419,YAR033W,MST28,SRP Dep,,,,,2,45,69,25,60 3.54,88.5,58 3.24,81,59 3.08,77,
NP_011505,YGL010W,0,SRP Dep,,,,,4,56,89,34,60 2.61,88.74,57 2.42,82.28,60 2.06,70.04,
NP_013694,YML018C,0,SRP Dep,,,,,8,12,38,27,21 3.32,89.64,20 3.03,81.81,25 2.63,71.01,
NP_012798,YKL124W,SSH4,SRP Dep,,,,,1,45,69,25,60 3.61,90.25,60 3.62,90.5,56 2.99,74.75,
NP_011112,YER185W,PUG1,SRP Dep,,,,,7,20,42,23,25 3.94,90.62,25 3.56,81.88,27 3.14,72.22,
NP_878097,YIL046W-A,0,SRP Dep,,,,,1,17,50,34,39 2.69,91.46,38 2.41,81.94,43 1.56,53.04,
NP_010916,YER001W,MNN1,SRP Dep,,,,,1,12,36,25,29 3.74,93.5,26 3.56,89,27 2.76,69,
NP_011737,YGR221C,TOS2,SRP Dep,,,,,1,38,63,26,55 3.66,95.16,56 3.78,98.28,53 3.17,82.42,
NP_011837,YHL026C,0,SRP Dep,,,,,3,20,49,30,24 3.18,95.4,23 2.93,87.9,27 2.31,69.3,
NP_013069,YLL031C,GPI13,SRP Dep,,,,,13,34,58,25,40 3.82,95.5,40 3.35,83.75,45 2.76,69,
NP_009766,YBR207W,FTH1,SRP Dep,,,,,7,6,33,28,26 3.66,102.48,27 3.34,93.52,20 2.20,61.6,
NP_015117,YPL207W,TYW1,SRP Dep,,,,,1,7,39,33,30 3.28,108.24,33 2.72,89.76,29 1.68,55.44,
NP_010792,YDR504C,SPG3,SRP Dep,,,,,2,22,54,33,39 3.61,119.13,38 3.55,117.15,35 3.03,99.99,
NP_012051,YHR181W,SVP26,SRP Dep,,,,,4,50,79,30,55 4.11,123.3,56 4.05,121.5,52 2.66,79.8,
NP_001027023,YGR031C-A,NAG1,Unpredicted,,,,,0,,,,,,,,,,
NP_009333,YAL067C,SEO1,Unpredicted,,,,,12,,,,,,,,,,
NP_009372,YAL030W,SNC1,Unpredicted,,,,YES,1,,,,,,,,,,
NP_009374,YAL028W,FRT2,Unpredicted,,,,YES,1,,,,,,,,,,
NP_009376,YAL026C,DRS2,Unpredicted,,,,,9,,,,,,,,,,
NP_009380,YAL022C,FUN26,Unpredicted,,,,,11,,,,,,,,,,
NP_009384,YAL018C,0,Unpredicted,,,,,5,,,,,,,,,,
NP_009388,YAL014C,SYN8,Unpredicted,,,,YES,1,,,,,,,,,,
NP_009393,YAL009W,SPO7,Unpredicted,,,,,2,,,,,,,,,,
NP_009418,YAR031W,PRM9,Unpredicted,,,,,2,,,,,,,,,,
NP_009448,YBL102W,SFT2,Unpredicted,,,,,4,,,,,,,,,,
NP_009461,YBL091C-A,SCS22,Unpredicted,,,,,1,,,,,,,,,,
NP_009511,YBL042C,FUI1,Unpredicted,,,,,10,,,,,,,,,,
NP_009542,YBL011W,SCT1,Unpredicted,,,,,4,,,,,,,,,,
NP_009562,YBR008C,FLR1,Unpredicted,,,,,12,,,,,,,,,,
NP_009572,YBR016W,,Unpredicted,,,,YES,0,,,,,,,,,,
NP_009577,YBR021W,FUR4,Unpredicted,,,,,13,,,,,,,,,,
NP_009579,YBR023C,CHS3,Unpredicted,,,,,6,,,,,,,,,,
NP_009594,YBR038W,CHS2,Unpredicted,,,,,7,,,,,,,,,,
NP_009599,YBR043C,QDR3,Unpredicted,,,,,12,,,,,,,,,,
NP_009624,YBR068C,BAP2,Unpredicted,,,,,12,,,,,,,,,,
NP_009625,YBR069C,TAT1,Unpredicted,,,,,12,,,,,,,,,,
NP_009643,YBR086C,IST2,Unpredicted,,,,,8,,,,,,,,,,
NP_009690,YBR132C,AGP2,Unpredicted,,,,,12,,,,,,,,,,
NP_009721,YBR162W-A,YSY6,Unpredicted,,,,YES,1,,,,,,,,,,
NP_009739,YBR180W,DTR1,Unpredicted,,,,,12,,,,,,,,,,
NP_009742,YBR183W,YPC1,Unpredicted,,,,,4,,,,,,,,,,
NP_009778,YBR219C,0,Unpredicted,,,,,3,,,,,,,,,,
NP_009794,YBR235W,0,Unpredicted,,,,,10,,,,,,,,,,
NP_009814,YBR255W,MTC4,Unpredicted,,,,,1,,,,,,,,,,
NP_009824,YBR265W,TSC10,Unpredicted,,,,,1,,,,,,,,,,
NP_009849,YBR290W,BSD2,Unpredicted,,,,,3,,,,,,,,,,
NP_009853,YBR294W,SUL1,Unpredicted,,,,,9,,,,,,,,,,
NP_009854,YBR295W,PCA1,Unpredicted,,,,,7,,,,,,,,,,
NP_009857,YBR298C,MAL31,Unpredicted,,,,,8,,,,,,,,,,
NP_009878,YCL052C,PBN1,Unpredicted,,,,,1,,,,,,,,,,
NP_009892,YCL038C,ATG22,Unpredicted,,,,,10,,,,,,,,,,
NP_009905,YCL025C,AGP1,Unpredicted,,,,,12,,,,,,,,,,
NP_009925,YCL001W,RER1,Unpredicted,,,,,2,,,,,,,,,,
NP_009936,YCR010C,ADY2,Unpredicted,,,,,5,,,,,,,,,,
NP_009955,YCR026C,NPP1,Unpredicted,,,,,1,,,,,,,,,,
NP_009963,YCR034W,FEN1,Unpredicted,,,,,7,,,,,,,,,,
NP_009966,YCR037C,PHO87,Unpredicted,,,,,12,,,,,,,,,,
NP_009972,YCR043C,0,Unpredicted,,,,,1,,,,,,,,,,
NP_009978,YCR048W,ARE1,Unpredicted,,,,,9,,,,,,,,,,
NP_010034,YDL247W,MPH2,Unpredicted,,,,,12,,,,,,,,,,
NP_010040,YDL241W,,Unpredicted,,,,YES,0,,,,,,,,,,
NP_010050,YDL231C,BRE4,Unpredicted,,,,,9,,,,,,,,,,
NP_010070,YDL211C,0,Unpredicted,,,,,1,,,,,,,,,,
NP_010071,YDL210W,UGA4,Unpredicted,,,,,11,,,,,,,,,,
NP_010082,YDL199C,0,Unpredicted,,,,,11,,,,,,,,,,
NP_010087,YDL194W,SNF3,Unpredicted,,,,,12,,,,,,,,,,
NP_010088,YDL193W,NUS1,Unpredicted,,,,,1,,,,,,,,,,
NP_010132,YDL149W,ATG9,Unpredicted,,,,,6,,,,,,,,,,
NP_010143,YDL138W,RGT2,Unpredicted,,,,,12,,,,,,,,,,
NP_010149,YDL133W,SRF1,Unpredicted,,,,,4,,,,,,,,,,
NP_010194,YDL089W,NUR1,Unpredicted,,,,,2,,,,,,,,,,
NP_010269,YDL015C,TSC13,Unpredicted,,,,,4,,,,,,,,,,
NP_010272,YDL012C,,Unpredicted,,,,YES,0,,,,,,,,,,
NP_010294,YDR011W,SNQ2,Unpredicted,,,,,12,,,,,,,,,,
NP_010323,YDR038C,ENA5,Unpredicted,,,,,10,,,,,,,,,,
NP_010324,YDR039C,ENA2,Unpredicted,,,,,10,,,,,,,,,,
NP_010325,YDR040C,ENA1,Unpredicted,,,,,10,,,,,,,,,,
NP_010331,YDR046C,BAP3,Unpredicted,,,,,12,,,,,,,,,,
NP_010371,YDR086C,SSS1,Unpredicted,,,,YES,1,,,,,,,,,,
NP_010378,YDR093W,DNF2,Unpredicted,,,,,9,,,,,,,,,,
NP_010404,YDR119W,VBA4,Unpredicted,,,,,14,,,,,,,,,,
NP_010444,YDR160W,SSY1,Unpredicted,,,,,12,,,,,,,,,,
NP_010486,YDR200C,VPS64,Unpredicted,,,,YES,0,,,,,,,,,,
NP_010550,YDR264C,AKR1,Unpredicted,,,,,5,,,,,,,,,,
NP_010556,YDR270W,CCC2,Unpredicted,,,,,8,,,,,,,,,,
NP_010561,YDR275W,BSC2,Unpredicted,,,,,1,,,,,,,,,,
NP_010567,YDR281C,PHM6,Unpredicted,,,,YES,1,,,,,,,,,,
NP_010625,YDR338C,0,Unpredicted,,,,,10,,,,,,,,,,
NP_010629,YDR342C,HXT7,Unpredicted,,,,,11,,,,,,,,,,
NP_010630,YDR343C,HXT6,Unpredicted,,,,,11,,,,,,,,,,
NP_010672,YDR384C,ATO3,Unpredicted,,,,,6,,,,,,,,,,
NP_010694,YDR406W,PDR15,Unpredicted,,,,,12,,,,,,,,,,
NP_010746,YDR458C,HEH2,Unpredicted,,,,,1,,,,,,,,,,
NP_010756,YDR468C,TLG1,Unpredicted,,,,YES,1,,,,,,,,,,
NP_010767,YDR479C,PEX29,Unpredicted,,,,,4,,,,,,,,,,
NP_010780,YDR492W,IZH1,Unpredicted,,,,,6,,,,,,,,,,
NP_010785,YDR497C,ITR1,Unpredicted,,,,,12,,,,,,,,,,
NP_010786,YDR498C,SEC20,Unpredicted,,,,YES,0,,,,,,,,,,
NP_010796,YDR508C,GNP1,Unpredicted,,,,,10,,,,,,,,,,
NP_010810,YDR522C,SPS2,Unpredicted,,,,YES,0,,,,,,,,,,
NP_010849,YEL065W,SIT1,Unpredicted,,,,,14,,,,,,,,,,
NP_010850,YEL064C,AVT2,Unpredicted,,,,,11,,,,,,,,,,
NP_010851,YEL063C,CAN1,Unpredicted,,,,,10,,,,,,,,,,
NP_010899,YEL017W,GTT3,Unpredicted,,,,,2,,,,,,,,,,
NP_010920,YER005W,YND1,Unpredicted,,,,,1,,,,,,,,,,
NP_010935,YER019W,ISC1,Unpredicted,,,,,2,,,,,,,,,,
NP_010936,YER019C-A,SBH2,Unpredicted,,,,YES,1,,,,,,,,,,
NP_010976,YER056C,FCY2,Unpredicted,,,,,12,,,,,,,,,,
NP_010981,YER060W,FCY21,Unpredicted,,,,,10,,,,,,,,,,
NP_010982,YER060W-A,FCY22,Unpredicted,,,,,12,,,,,,,,,,
NP_011006,YER083C,GET2,Unpredicted,,,,,3,,,,,,,,,,
NP_011011,YER087C-B,SBH1,Unpredicted,,,,YES,1,,,,,,,,,,
NP_011026,YER100W,UBC6,Unpredicted,,,,YES,1,,,,,,,,,,
NP_011046,YER120W,SCS2,Unpredicted,,,,YES,1,,,,,,,,,,
NP_011093,YER166W,DNF1,Unpredicted,,,,,9,,,,,,,,,,
NP_011283,YGL231C,EMC4,Unpredicted,,,,,2,,,,,,,,,,
NP_011284,YGL230C,0,Unpredicted,,,,,1,,,,,,,,,,
NP_011317,YGL198W,YIP4,Unpredicted,,,,,4,,,,,,,,,,
NP_011329,YGL186C,TPN1,Unpredicted,,,,,10,,,,,,,,,,
NP_011348,YGL167C,PMR1,Unpredicted,,,,,7,,,,,,,,,,
NP_011354,YGL161C,YIP5,Unpredicted,,,,,4,,,,,,,,,,
NP_011417,YGL098W,USE1,Unpredicted,,,,YES,1,,,,,,,,,,
NP_011438,YGL077C,HNM1,Unpredicted,,,,,12,,,,,,,,,,
NP_011440,YGL075C,MPS2,Unpredicted,,,,,0,,,,,,,,,,
NP_011450,YGL065C,ALG2,Unpredicted,,,,,4,,,,,,,,,,
NP_011460,YGL055W,OLE1,Unpredicted,,,,,4,,,,,,,,,,
NP_011507,YGL008C,PMA1,Unpredicted,,,,,10,,,,,,,,,,
NP_011509,YGL006W,PMC1,Unpredicted,,,,,9,,,,,,,,,,
NP_011518,YGR004W,PEX31,Unpredicted,,,,,4,,,,,,,,,,
NP_011546,YGR032W,GSC2,Unpredicted,,,,,14,,,,,,,,,,
NP_011552,YGR038W,ORM1,Unpredicted,,,,,3,,,,,,,,,,
NP_011555,YGR041W,BUD9,Unpredicted,,,,,2,,,,,,,,,,
NP_011569,YGR055W,MUP1,Unpredicted,,,,,12,,,,,,,,,,
NP_011579,YGR065C,VHT1,Unpredicted,,,,,10,,,,,,,,,,
NP_011641,YGR125W,0,Unpredicted,,,,,10,,,,,,,,,,
NP_011654,YGR138C,TPO2,Unpredicted,,,,,12,,,,,,,,,,
NP_011659,YGR143W,SKN1,Unpredicted,,,,,1,,,,,,,,,,
NP_011665,YGR149W,0,Unpredicted,,,,,7,,,,,,,,,,
NP_011688,YGR172C,YIP1,Unpredicted,,,,,5,,,,,,,,,,
NP_011691,YGR175C,ERG1,Unpredicted,,,,,2,,,,,,,,,,
NP_011707,YGR191W,HIP1,Unpredicted,,,,,12,,,,,,,,,,
NP_011713,YGR197C,SNG1,Unpredicted,,,,,6,,,,,,,,,,
NP_011715,YGR199W,PMT6,Unpredicted,,,,,8,,,,,,,,,,
NP_011732,YGR216C,GPI1,Unpredicted,,,,,6,,,,,,,,,,
NP_011733,YGR217W,CCH1,Unpredicted,,,,,22,,,,,,,,,,
NP_011740,YGR224W,AZR1,Unpredicted,,,,,13,,,,,,,,,,
NP_011776,YGR260W,TNA1,Unpredicted,,,,,12,,,,,,,,,,
NP_011797,YGR281W,YOR1,Unpredicted,,,,,11,,,,,,,,,,
NP_011800,YGR284C,ERV29,Unpredicted,,,,,7,,,,,,,,,,
NP_011805,YGR289C,MAL11,Unpredicted,,,,,10,,,,,,,,,,
NP_011816,YHL047C,ARN2,Unpredicted,,,,,14,,,,,,,,,,
NP_011823,YHL040C,ARN1,Unpredicted,,,,,13,,,,,,,,,,
NP_011827,YHL036W,MUP3,Unpredicted,,,,,12,,,,,,,,,,
NP_011832,YHL031C,GOS1,Unpredicted,,,,YES,1,,,,,,,,,,
NP_011860,YHL003C,LAG1,Unpredicted,,,,,7,,,,,,,,,,
NP_011867,YHR004C,NEM1,Unpredicted,,,,,1,,,,,,,,,,
NP_011897,YHR032W,ERC1,Unpredicted,,,,,8,,,,,,,,,,
NP_011901,YHR036W,BRL1,Unpredicted,,,,,2,,,,,,,,,,
NP_011914,YHR048W,YHK8,Unpredicted,,,,,12,,,,,,,,,,
NP_011917,YHR050W,SMF2,Unpredicted,,,,,11,,,,,,,,,,
NP_011960,YHR092C,HXT4,Unpredicted,,,,,11,,,,,,,,,,
NP_011962,YHR094C,HXT1,Unpredicted,,,,,11,,,,,,,,,,
NP_011964,YHR096C,HXT5,Unpredicted,,,,,11,,,,,,,,,,
NP_012001,YHR133C,NSG1,Unpredicted,,,,,5,,,,,,,,,,
NP_012011,YHR142W,CHS7,Unpredicted,,,,,7,,,,,,,,,,
NP_012019,YHR149C,SKG6,Unpredicted,,,,,1,,,,,,,,,,
NP_012020,YHR150W,PEX28,Unpredicted,,,,,2,,,,,,,,,,
NP_012045,YHR175W,CTR2,Unpredicted,,,,,2,,,,,,,,,,
NP_012060,YHR190W,ERG9,Unpredicted,,,,,1,,,,,,,,,,
NP_012100,YIL166C,0,Unpredicted,,,,,12,,,,,,,,,,
NP_012142,YIL124W,AYR1,Unpredicted,,,,,0,,,,,,,,,,
NP_012145,YIL121W,QDR2,Unpredicted,,,,,12,,,,,,,,,,
NP_012146,YIL120W,QDR1,Unpredicted,,,,,11,,,,,,,,,,
NP_012149,YIL117C,PRM5,Unpredicted,,,,,1,,,,,,,,,,
NP_012177,YIL089W,0,Unpredicted,,,,,2,,,,,,,,,,
NP_012197,YIL067C,0,Unpredicted,,,,,8,,,,,,,,,,
NP_012216,YIL048W,NEO1,Unpredicted,,,,,5,,,,,,,,,,
NP_012217,YIL047C,SYG1,Unpredicted,,,,,5,,,,,,,,,,
NP_012234,YIL030C,SSM4,Unpredicted,,,,,14,,,,,,,,,,
NP_012252,YIL013C,PDR11,Unpredicted,,,,,12,,,,,,,,,,
NP_012262,YIL004C,BET1,Unpredicted,,,,YES,1,,,,,,,,,,
NP_012294,YIR028W,DAL4,Unpredicted,,,,,11,,,,,,,,,,
NP_012299,YIR033W,MGA2,Unpredicted,,,,,1,,,,,,,,,,
NP_012316,YJL219W,HXT9,Unpredicted,,,,,11,,,,,,,,,,
NP_012321,YJL214W,HXT8,Unpredicted,,,,,10,,,,,,,,,,
NP_012323,YJL212C,OPT1,Unpredicted,,,,,12,,,,,,,,,,
NP_012328,YJL207C,LAA1,Unpredicted,,,,,0,,,,,,,,,,
NP_012337,YJL198W,PHO90,Unpredicted,,,,,12,,,,,,,,,,
NP_012339,YJL196C,ELO1,Unpredicted,,,,,5,,,,,,,,,,
NP_012372,YJL163C,0,Unpredicted,,,,,12,,,,,,,,,,
NP_012401,YJL134W,LCB3,Unpredicted,,,,,6,,,,,,,,,,
NP_012418,YJL117W,PHO86,Unpredicted,,,,,2,,,,,,,,,,
NP_012427,YJL108C,PRM10,Unpredicted,,,,,10,,,,,,,,,,
NP_012442,YJL093C,TOK1,Unpredicted,,,,,10,,,,,,,,,,
NP_012495,YJL039C,NUP192,Unpredicted,,,,,0,,,,,,,,,,
NP_012515,YJL019W,MPS3,Unpredicted,,,,,1,,,,,,,,,,
NP_012522,YJL012C,VTC4,Unpredicted,,,,,3,,,,,,,,,,
NP_012534,YJR001W,AVT1,Unpredicted,,,,,10,,,,,,,,,,
NP_012549,YJR015W,0,Unpredicted,,,,,6,,,,,,,,,,
NP_012565,YJR031C,GEA1,Unpredicted,,,,,0,,,,,,,,,,
NP_012574,YJR040W,GEF1,Unpredicted,,,,,11,,,,,,,,,,
NP_012660,YJR126C,VPS70,Unpredicted,,,,,1,,,,,,,,,,
NP_012686,YJR152W,DAL5,Unpredicted,,,,,12,,,,,,,,,,
NP_012694,YJR160C,MPH3,Unpredicted,,,,,12,,,,,,,,,,
NP_012703,YKL219W,COS9,Unpredicted,,,,,4,,,,,,,,,,
NP_012705,YKL217W,JEN1,Unpredicted,,,,,12,,,,,,,,,,
NP_012710,YKL212W,SAC1,Unpredicted,,,,,2,,,,,,,,,,
NP_012742,YKL179C,COY1,Unpredicted,,,,,1,,,,,,,,,,
NP_012747,YKL174C,TPO5,Unpredicted,,,,,12,,,,,,,,,,
NP_012776,YKL146W,AVT3,Unpredicted,,,,,10,,,,,,,,,,
NP_012803,YKL119C,VPH2,Unpredicted,,,,,2,,,,,,,,,,
NP_012822,YKL100C,0,Unpredicted,,,,,7,,,,,,,,,,
NP_012859,YKL064W,MNR2,Unpredicted,,,,,2,,,,,,,,,,
NP_012917,YKL008C,LAC1,Unpredicted,,,,,7,,,,,,,,,,
NP_012919,YKL006C-A,SFT1,Unpredicted,,,,YES,1,,,,,,,,,,
NP_012955,YKR030W,GMH1,Unpredicted,,,,,5,,,,,,,,,,
NP_012965,YKR039W,GAP1,Unpredicted,,,,,12,,,,,,,,,,
NP_012979,YKR053C,YSR3,Unpredicted,,,,,5,,,,,,,,,,
NP_013014,YKR088C,TVP38,Unpredicted,,,,,5,,,,,,,,,,
NP_013015,YKR089C,TGL4,Unpredicted,,,,,0,,,,,,,,,,
NP_013019,YKR093W,PTR2,Unpredicted,,,,,11,,,,,,,,,,
NP_013039,YLL061W,MMP1,Unpredicted,,,,,12,,,,,,,,,,
NP_013057,YLL043W,FPS1,Unpredicted,,,,,5,,,,,,,,,,
NP_013072,YLL028W,TPO1,Unpredicted,,,,,12,,,,,,,,,,
NP_013095,YLL006W,MMM1,Unpredicted,,,,,1,,,,,,,,,,
NP_013104,YLR004C,THI73,Unpredicted,,,,,12,,,,,,,,,,
NP_013118,YLR018C,POM34,Unpredicted,,,,,0,,,,,,,,,,
NP_013123,YLR023C,IZH3,Unpredicted,,,,,7,,,,,,,,,,
NP_013126,YLR026C,SED5,Unpredicted,,,,YES,1,,,,,,,,,,
NP_013157,YLR056W,ERG3,Unpredicted,,,,,3,,,,,,,,,,
NP_013173,YLR072W,0,Unpredicted,,,,,1,,,,,,,,,,
NP_013179,YLR078C,BOS1,Unpredicted,,,,YES,1,,,,,,,,,,
NP_013182,YLR081W,GAL2,Unpredicted,,,,,12,,,,,,,,,,
NP_013193,YLR092W,SUL2,Unpredicted,,,,,8,,,,,,,,,,
NP_013194,YLR093C,NYV1,Unpredicted,,,,YES,1,,,,,,,,,,
NP_013292,YLR191W,PEX13,Unpredicted,,,,,0,,,,,,,,,,
NP_013306,YLR205C,HMX1,Unpredicted,,,,,1,,,,,,,,,,
NP_013321,YLR220W,CCC1,Unpredicted,,,,,3,,,,,,,,,,
NP_013339,YLR238W,FAR10,Unpredicted,,,,YES,1,,,,,,,,,,
NP_013343,YLR242C,ARV1,Unpredicted,,,,,3,,,,,,,,,,
NP_013347,YLR246W,ERF2,Unpredicted,,,,,4,,,,,,,,,,
NP_013370,YLR268W,SEC22,Unpredicted,,,,YES,1,,,,,,,,,,
NP_013400,YLR297W,0,Unpredicted,,,,,1,,,,,,,,,,
NP_013428,YLR324W,PEX30,Unpredicted,,,,,1,,,,,,,,,,
NP_013430,YLR326W,0,Unpredicted,,,,,2,,,,,,,,,,
NP_013446,YLR342W,FKS1,Unpredicted,,,,,13,,,,,,,,,,
NP_013454,YLR350W,ORM2,Unpredicted,,,,,4,,,,,,,,,,
NP_013457,YLR353W,BUD8,Unpredicted,,,,,2,,,,,,,,,,
NP_013464,YLR360W,VPS38,Unpredicted,,,,,0,,,,,,,,,,
NP_013476,YLR372W,SUR4,Unpredicted,,,,,6,,,,,,,,,,
NP_013500,YLR396C,VPS33,Unpredicted,,,,,0,,,,,,,,,,
NP_013564,YLR459W,GAB1,Unpredicted,,,,,8,,,,,,,,,,
NP_013575,YML131W,0,Unpredicted,,,,,2,,,,,,,,,,
NP_013583,YML123C,PHO84,Unpredicted,,,,,9,,,,,,,,,,
NP_013591,YML116W,ATR1,Unpredicted,,,,,12,,,,,,,,,,
NP_013639,YML072C,TCB3,Unpredicted,,,,,1,,,,,,,,,,
NP_013664,YML048W,GSF2,Unpredicted,,,,,1,,,,,,,,,,
NP_013679,YML034W,SRC1,Unpredicted,,,,,1,,,,,,,,,,
NP_013683,YML029W,USA1,Unpredicted,,,,,2,,,,,,,,,,
NP_013693,YML019W,OST6,Unpredicted,,,,,4,,,,,,,,,,
NP_013739,YMR026C,PEX12,Unpredicted,,,,,1,,,,,,,,,,
NP_013770,YMR054W,STV1,Unpredicted,,,,,7,,,,,,,,,,
NP_013837,YMR119W,ASI1,Unpredicted,,,,,5,,,,,,,,,,
NP_013848,YMR129W,POM152,Unpredicted,,,,,3,,,,,,,,,,
NP_013884,YMR161W,HLJ1,Unpredicted,,,,YES,1,,,,,,,,,,
NP_013885,YMR162C,DNF3,Unpredicted,,,,,8,,,,,,,,,,
NP_013886,YMR163C,INP2,Unpredicted,,,,,0,,,,,,,,,,
NP_013908,YMR183C,SSO2,Unpredicted,,,,YES,1,,,,,,,,,,
NP_013912,YMR187C,0,Unpredicted,,,,,3,,,,,,,,,,
NP_013924,YMR197C,VTI1,Unpredicted,,,,YES,1,,,,,,,,,,
NP_013939,YMR212C,EFR3,Unpredicted,,,,,0,,,,,,,,,,
NP_013980,YMR253C,0,Unpredicted,,,,,10,,,,,,,,,,
NP_013999,YMR272C,SCS7,Unpredicted,,,,,3,,,,,,,,,,
NP_014006,YMR279C,0,Unpredicted,,,,,13,,,,,,,,,,
NP_014052,YMR319C,FET4,Unpredicted,,,,,7,,,,,,,,,,
NP_014076,YNL323W,LEM3,Unpredicted,,,,,2,,,,,,,,,,
NP_014078,YNL321W,VNX1,Unpredicted,,,,,13,,,,,,,,,,
NP_014105,YNL294C,RIM21,Unpredicted,,,,,6,,,,,,,,,,
NP_014124,YNL275W,BOR1,Unpredicted,,,,,10,,,,,,,,,,
NP_014129,YNL270C,ALP1,Unpredicted,,,,,12,,,,,,,,,,
NP_014131,YNL268W,LYP1,Unpredicted,,,,,11,,,,,,,,,,
NP_014136,YNL263C,YIF1,Unpredicted,,,,,5,,,,,,,,,,
NP_014142,YNL257C,SIP3,Unpredicted,,,,,2,,,,,,,,,,
NP_014207,YNL192W,CHS1,Unpredicted,,,,,7,,,,,,,,,,
NP_014211,YNL188W,KAR1,Unpredicted,,,,YES,1,,,,,,,,,,
NP_014218,YNL181W,0,Unpredicted,,,,,1,,,,,,,,,,
NP_014223,YNL176C,TDA7,Unpredicted,,,,,1,,,,,,,,,,
NP_014240,YNL159C,ASI2,Unpredicted,,,,,2,,,,,,,,,,
NP_014243,YNL156C,NSG2,Unpredicted,,,,,2,,,,,,,,,,
NP_014274,YNL125C,ESBP6,Unpredicted,,,,,11,,,,,,,,,,
NP_014284,YNL115C,0,Unpredicted,,,,,5,,,,,,,,,,
NP_014288,YNL111C,CYB5,Unpredicted,,,,YES,1,,,,,,,,,,
NP_014298,YNL101W,AVT4,Unpredicted,,,,,11,,,,,,,,,,
NP_014312,YNL087W,TCB2,Unpredicted,,,,,1,,,,,,,,,,
NP_014319,YNL080C,EOS1,Unpredicted,,,,,4,,,,,,,,,,
NP_014334,YNL065W,AQR1,Unpredicted,,,,,10,,,,,,,,,,
NP_014340,YNL058C,0,Unpredicted,,,,,1,,,,,,,,,,
NP_014344,YNL054W,VAC7,Unpredicted,,,,,1,,,,,,,,,,
NP_014352,YNL046W,0,Unpredicted,,,,,2,,,,,,,,,,
NP_014354,YNL044W,YIP3,Unpredicted,,,,,2,,,,,,,,,,
NP_014390,YNL008C,ASI3,Unpredicted,,,,,4,,,,,,,,,,
NP_014399,YNR002C,ATO2,Unpredicted,,,,,5,,,,,,,,,,
NP_014405,YNR008W,LRO1,Unpredicted,,,,,1,,,,,,,,,,
NP_014410,YNR013C,PHO91,Unpredicted,,,,,12,,,,,,,,,,
NP_014416,YNR019W,ARE2,Unpredicted,,,,,9,,,,,,,,,,
NP_014423,YNR026C,SEC12,Unpredicted,,,,,1,,,,,,,,,,
NP_014427,YNR030W,ALG12,Unpredicted,,,,,9,,,,,,,,,,
NP_014437,YNR039C,ZRG17,Unpredicted,,,,,6,,,,,,,,,,
NP_014453,YNR055C,HOL1,Unpredicted,,,,,10,,,,,,,,,,
NP_014463,YNR065C,0,Unpredicted,,,,,1,,,,,,,,,,
NP_014468,YNR070W,PDR18,Unpredicted,,,,,9,,,,,,,,,,
NP_014484,YOL158C,ENB1,Unpredicted,,,,,11,,,,,,,,,,
NP_014486,YOL156W,HXT11,Unpredicted,,,,,11,,,,,,,,,,
NP_014504,YOL137W,BSC6,Unpredicted,,,,,11,,,,,,,,,,
NP_014511,YOL130W,ALR1,Unpredicted,,,,,1,,,,,,,,,,
NP_014519,YOL122C,SMF1,Unpredicted,,,,,11,,,,,,,,,,
NP_014522,YOL119C,MCH4,Unpredicted,,,,,12,,,,,,,,,,
NP_014538,YOL103W,ITR2,Unpredicted,,,,,12,,,,,,,,,,
NP_014540,YOL101C,IZH4,Unpredicted,,,,,7,,,,,,,,,,
NP_014594,YOL048C,RRT8,Unpredicted,,,,,5,,,,,,,,,,
NP_014595,YOL047C,0,Unpredicted,,,,,4,,,,,,,,,,
NP_014598,YOL044W,PEX15,Unpredicted,,,,YES,0,,,,,,,,,,
NP_014622,YOL020W,TAT2,Unpredicted,,,,,12,,,,,,,,,,
NP_014624,YOL018C,TLG2,Unpredicted,,,,YES,1,,,,,,,,,,
NP_014641,YOL002C,IZH2,Unpredicted,,,,,7,,,,,,,,,,
NP_014654,YOR011W,AUS1,Unpredicted,,,,,13,,,,,,,,,,
NP_014677,YOR034C,AKR2,Unpredicted,,,,,7,,,,,,,,,,
NP_014679,YOR036W,PEP12,Unpredicted,,,,YES,1,,,,,,,,,,
NP_014702,YOR059C,0,Unpredicted,,,,,1,,,,,,,,,,
NP_014718,YOR075W,UFE1,Unpredicted,,,,YES,0,,,,,,,,,,
NP_014724,YOR081C,TGL5,Unpredicted,,,,,1,,,,,,,,,,
NP_014729,YOR086C,TCB1,Unpredicted,,,,,2,,,,,,,,,,
NP_014730,YOR087W,YVC1,Unpredicted,,,,,7,,,,,,,,,,
NP_014736,YOR093C,0,Unpredicted,,,,,0,,,,,,,,,,
NP_014749,YOR106W,VAM3,Unpredicted,,,,YES,1,,,,,,,,,,
NP_014796,YOR153W,PDR5,Unpredicted,,,,,14,,,,,,,,,,
NP_014804,YOR161C,PNS1,Unpredicted,,,,,10,,,,,,,,,,
NP_014808,YOR165W,SEY1,Unpredicted,,,,,2,,,,,,,,,,
NP_014826,YOR183W,FYV12,Unpredicted,,,,,1,,,,,,,,,,
NP_014829,YOR186W,0,Unpredicted,,,,,1,,,,,,,,,,
NP_014862,YOR219C,STE13,Unpredicted,,,,,1,,,,,,,,,,
NP_014866,YOR223W,0,Unpredicted,,,,,2,,,,,,,,,,
NP_014888,YOR245C,DGA1,Unpredicted,,,,,1,,,,,,,,,,
NP_014899,YOR256C,TRE2,Unpredicted,,,,,1,,,,,,,,,,
NP_014911,YOR268C,0,Unpredicted,,,,,1,,,,,,,,,,
NP_014913,YOR270C,VPH1,Unpredicted,,,,,7,,,,,,,,,,
NP_014916,YOR273C,TPO4,Unpredicted,,,,,11,,,,,,,,,,
NP_014934,YOR291W,YPK9,Unpredicted,,,,,11,,,,,,,,,,
NP_014945,YOR301W,RAX1,Unpredicted,,,,,3,,,,,,,,,,
NP_014951,YOR306C,MCH5,Unpredicted,,,,,12,,,,,,,,,,
NP_014952,YOR307C,SLY41,Unpredicted,,,,,8,,,,,,,,,,
NP_014956,YOR311C,DGK1,Unpredicted,,,,,4,,,,,,,,,,
NP_014969,YOR324C,FRT1,Unpredicted,,,,YES,1,,,,,,,,,,
NP_014972,YOR327C,SNC2,Unpredicted,,,,YES,1,,,,,,,,,,
NP_014973,YOR328W,PDR10,Unpredicted,,,,,11,,,,,,,,,,
NP_014993,YOR348C,PUT4,Unpredicted,,,,,11,,,,,,,,,,
NP_015023,YOR378W,0,Unpredicted,,,,,12,,,,,,,,,,
NP_015049,YPL274W,SAM3,Unpredicted,,,,,11,,,,,,,,,,
NP_015058,YPL265W,DIP5,Unpredicted,,,,,11,,,,,,,,,,
NP_015092,YPL232W,SSO1,Unpredicted,,,,YES,1,,,,,,,,,,
NP_015118,YPL206C,,Unpredicted,,,,YES,0,,,,,,,,,,
NP_015124,YPL200W,CSM4,Unpredicted,,,,YES,1,,,,,,,,,,
NP_015132,YPL192C,PRM3,Unpredicted,,,,YES,1,,,,,,,,,,
NP_015149,YPL176C,TRE1,Unpredicted,,,,,1,,,,,,,,,,
NP_015150,YPL175W,SPT14,Unpredicted,,,,,0,,,,,,,,,,
NP_015178,YPL147W,PXA1,Unpredicted,,,,,3,,,,,,,,,,
NP_015213,YPL112C,PEX25,Unpredicted,,,,,0,,,,,,,,,,
NP_015231,YPL094C,SEC62,Unpredicted,,,,,2,,,,,,,,,,
NP_015267,YPL058C,PDR12,Unpredicted,,,,,11,,,,,,,,,,
NP_015284,YPL041C,0,Unpredicted,,,,,2,,,,,,,,,,
NP_015289,YPL036W,PMA2,Unpredicted,,,,,10,,,,,,,,,,
NP_015306,YPL019C,VTC3,Unpredicted,,,,,3,,,,,,,,,,
NP_015328,YPR003C,0,Unpredicted,,,,,10,,,,,,,,,,
NP_015388,YPR063C,0,Unpredicted,,,,,0,,,,,,,,,,
NP_015400,YPR075C,OPY2,Unpredicted,,,,,1,,,,,,,,,,
NP_015449,YPR124W,CTR1,Unpredicted,,,,,3,,,,,,,,,,
NP_015473,YPR147C,0,Unpredicted,,,,,1,,,,,,,,,,
NP_015482,YPR156C,TPO3,Unpredicted,,,,,12,,,,,,,,,,
NP_015485,YPR159W,KRE6,Unpredicted,,,,,1,,,,,,,,,,
NP_015509,YPR183W,DPM1,Unpredicted,,,,YES,1,,,,,,,,,,
NP_015520,YPR194C,OPT2,Unpredicted,,,,,13,,,,,,,,,,
NP_061493,YMR122W-A,0,Unpredicted,,,,,1,,,,,,,,,,
NP_065437,YCL021W-A,0,Unpredicted,,,,,1,,,,,,,,,,
NP_116583,YFL034W,0,Unpredicted,,,,,4,,,,,,,,,,
NP_116587,YFL068W,0,Unpredicted,,,,,1,,,,,,,,,,
NP_116601,YFL054C,0,Unpredicted,,,,,6,,,,,,,,,,
NP_116604,YFL050C,ALR2,Unpredicted,,,,,2,,,,,,,,,,
NP_116611,YFL042C,0,Unpredicted,,,,,1,,,,,,,,,,
NP_116651,YFL004W,VTC2,Unpredicted,,,,,3,,,,,,,,,,
NP_683716,YFR048W,RMD8,Unpredicted,,,,,1,,,,,,,,,,